{"mean":{"confidence_interval":{"confidence_level":0.95,"lower_bound":0.003189411490073342,"upper_bound":0.011511473953842125},"point_estimate":0.007314850099657599,"standard_error":0.0021458563878929654},"median":{"confidence_interval":{"confidence_level":0.95,"lower_bound":0.0011720882401533572,"upper_bound":0.00896192856788125},"point_estimate":0.003929930193282027,"standard_error":0.001958876577834714}}