{"mean":{"confidence_interval":{"confidence_level":0.95,"lower_bound":-0.00909054744816945,"upper_bound":0.023522595470640527},"point_estimate":0.0066223116677210925,"standard_error":0.008242059997115046},"median":{"confidence_interval":{"confidence_level":0.95,"lower_bound":-0.002038529838817582,"upper_bound":0.0043324138912963495},"point_estimate":0.0013148486149880956,"standard_error":0.0016853424902249258}}