{"mean":{"confidence_interval":{"confidence_level":0.95,"lower_bound":2341689.5109090917,"upper_bound":2344565.264090909},"point_estimate":2343066.8950000005,"standard_error":735.1562109817718},"median":{"confidence_interval":{"confidence_level":0.95,"lower_bound":2340428.0454545454,"upper_bound":2342959.295454546},"point_estimate":2341886.3636363638,"standard_error":649.0505008382718},"median_abs_dev":{"confidence_interval":{"confidence_level":0.95,"lower_bound":4210.550229793276,"upper_bound":6828.922869671412},"point_estimate":5361.7891093547005,"standard_error":676.0598097599903},"slope":null,"std_dev":{"confidence_interval":{"confidence_level":0.95,"lower_bound":5358.297279052037,"upper_bound":9265.64950597071},"point_estimate":7301.515967330545,"standard_error":1006.2566934364238}}