{"mean":{"confidence_interval":{"confidence_level":0.95,"lower_bound":41064935.408,"upper_bound":41467922.925},"point_estimate":41244477.72,"standard_error":103829.81683255531},"median":{"confidence_interval":{"confidence_level":0.95,"lower_bound":40952333.5,"upper_bound":41095729.5},"point_estimate":41015187.75,"standard_error":38611.32275985329},"median_abs_dev":{"confidence_interval":{"confidence_level":0.95,"lower_bound":256241.82133454832,"upper_bound":465768.0479809642},"point_estimate":322357.26447701454,"standard_error":53311.57019364989},"slope":null,"std_dev":{"confidence_interval":{"confidence_level":0.95,"lower_bound":384221.44406503777,"upper_bound":1494965.1928395329},"point_estimate":1049237.906292357,"standard_error":269312.27119132393}}