{"mean":{"confidence_interval":{"confidence_level":0.95,"lower_bound":0.001970622949128829,"upper_bound":0.056295611992772054},"point_estimate":0.026845245572439946,"standard_error":0.013636899659126461},"median":{"confidence_interval":{"confidence_level":0.95,"lower_bound":0.009710081710431338,"upper_bound":0.020579224796620776},"point_estimate":0.01495635261856676,"standard_error":0.0026665889179918966}}