{"mean":{"confidence_interval":{"confidence_level":0.95,"lower_bound":-0.16263111746240647,"upper_bound":-0.1326155756459811},"point_estimate":-0.15037635168746089,"standard_error":0.008031170263772813},"median":{"confidence_interval":{"confidence_level":0.95,"lower_bound":-0.16686188816152636,"upper_bound":-0.15436279974319023},"point_estimate":-0.16195544437923626,"standard_error":0.002986302097108539}}