{"mean":{"confidence_interval":{"confidence_level":0.95,"lower_bound":-0.002105816885720695,"upper_bound":0.059618643916167856},"point_estimate":0.029650887467498332,"standard_error":0.015771919738353676},"median":{"confidence_interval":{"confidence_level":0.95,"lower_bound":0.020936499348384263,"upper_bound":0.04970481229282364},"point_estimate":0.03265481500053413,"standard_error":0.008511407949748025}}