{"mean":{"confidence_interval":{"confidence_level":0.95,"lower_bound":-0.1738912796866454,"upper_bound":-0.1596747810455593},"point_estimate":-0.16670351502288894,"standard_error":0.003635490268548761},"median":{"confidence_interval":{"confidence_level":0.95,"lower_bound":-0.17403437909277253,"upper_bound":-0.16244327438438688},"point_estimate":-0.1689007395676635,"standard_error":0.00284992611823737}}