{"mean":{"confidence_interval":{"confidence_level":0.95,"lower_bound":-0.06460358170312486,"upper_bound":-0.035179081366492976},"point_estimate":-0.049594712438799426,"standard_error":0.007516659339991563},"median":{"confidence_interval":{"confidence_level":0.95,"lower_bound":-0.0471845238314309,"upper_bound":-0.020619564221348696},"point_estimate":-0.03128953281265345,"standard_error":0.007579097207810298}}