{"mean":{"confidence_interval":{"confidence_level":0.95,"lower_bound":-0.016513546182075588,"upper_bound":-0.0015378985211815055},"point_estimate":-0.007725010303422097,"standard_error":0.00388592830771286},"median":{"confidence_interval":{"confidence_level":0.95,"lower_bound":-0.006832660503554133,"upper_bound":0.0020984674218740285},"point_estimate":-0.0022791022151382734,"standard_error":0.0025849971972335753}}