{"mean":{"confidence_interval":{"confidence_level":0.95,"lower_bound":-0.008473152307347225,"upper_bound":0.006536727601922266},"point_estimate":-0.0009898515122280793,"standard_error":0.0038252837062872644},"median":{"confidence_interval":{"confidence_level":0.95,"lower_bound":-0.0025620702917866778,"upper_bound":0.001953346065799482},"point_estimate":-0.00043227073356466583,"standard_error":0.0011676687807509675}}