{"mean":{"confidence_interval":{"confidence_level":0.95,"lower_bound":-0.010866528693642331,"upper_bound":0.011132165224616956},"point_estimate":0.0026609633461553983,"standard_error":0.00595167421344306},"median":{"confidence_interval":{"confidence_level":0.95,"lower_bound":0.00884472459568461,"upper_bound":0.013148529315260893},"point_estimate":0.011232977011177647,"standard_error":0.0011108316445210418}}