{"mean":{"confidence_interval":{"confidence_level":0.95,"lower_bound":0.02436844299782829,"upper_bound":0.03129570951625224},"point_estimate":0.027994572165515264,"standard_error":0.0017630304699078046},"median":{"confidence_interval":{"confidence_level":0.95,"lower_bound":0.02606438291601653,"upper_bound":0.030864881691973878},"point_estimate":0.02881825367707891,"standard_error":0.0012060486528920355}}