{"mean":{"confidence_interval":{"confidence_level":0.95,"lower_bound":-0.024620665824663327,"upper_bound":-0.02022754852347321},"point_estimate":-0.022476140163739,"standard_error":0.0011083309630259739},"median":{"confidence_interval":{"confidence_level":0.95,"lower_bound":-0.02383911349035417,"upper_bound":-0.02089957382442947},"point_estimate":-0.022090239949241197,"standard_error":0.0007755674226100715}}