{"mean":{"confidence_interval":{"confidence_level":0.95,"lower_bound":-0.049220080109231956,"upper_bound":-0.02370752232387268},"point_estimate":-0.03486668205578991,"standard_error":0.006596741852275707},"median":{"confidence_interval":{"confidence_level":0.95,"lower_bound":-0.02965181348305923,"upper_bound":-0.023915546222709416},"point_estimate":-0.02651934094922026,"standard_error":0.0014949000701750482}}