{"mean":{"confidence_interval":{"confidence_level":0.95,"lower_bound":0.007687318995456506,"upper_bound":0.016148703112751277},"point_estimate":0.012028485621215612,"standard_error":0.0021474960783253445},"median":{"confidence_interval":{"confidence_level":0.95,"lower_bound":0.012755613112212405,"upper_bound":0.01821470605101072},"point_estimate":0.015079615471131014,"standard_error":0.0013901108142918748}}