{"mean":{"confidence_interval":{"confidence_level":0.95,"lower_bound":0.020963170415338794,"upper_bound":0.03919946223275314},"point_estimate":0.028698433928429967,"standard_error":0.004827773910923954},"median":{"confidence_interval":{"confidence_level":0.95,"lower_bound":0.01717112770515583,"upper_bound":0.024696814260513067},"point_estimate":0.021297538964434315,"standard_error":0.002029941644979728}}