{"mean":{"confidence_interval":{"confidence_level":0.95,"lower_bound":-0.014344778970705734,"upper_bound":0.012866116543688428},"point_estimate":0.0003350891109008547,"standard_error":0.006914253096801908},"median":{"confidence_interval":{"confidence_level":0.95,"lower_bound":0.0020200885820467196,"upper_bound":0.012226457201948404},"point_estimate":0.007070279544594271,"standard_error":0.0028117771904792466}}