{"mean":{"confidence_interval":{"confidence_level":0.95,"lower_bound":0.006925322685795027,"upper_bound":0.017495414057839612},"point_estimate":0.01219367952572048,"standard_error":0.002746187395220052},"median":{"confidence_interval":{"confidence_level":0.95,"lower_bound":0.004237948659959745,"upper_bound":0.007734388473990883},"point_estimate":0.00580437392843125,"standard_error":0.0008853868548851933}}