{"mean":{"confidence_interval":{"confidence_level":0.95,"lower_bound":-0.019638564915739277,"upper_bound":0.0005574209420923251},"point_estimate":-0.008321185590899005,"standard_error":0.005206602157099767},"median":{"confidence_interval":{"confidence_level":0.95,"lower_bound":0.0013787289009612458,"upper_bound":0.004907958441868088},"point_estimate":0.003004074154854486,"standard_error":0.0008421098890553639}}