{"mean":{"confidence_interval":{"confidence_level":0.95,"lower_bound":-0.0013112584052177353,"upper_bound":0.004423310474818814},"point_estimate":0.0015835882464578788,"standard_error":0.001468391804119761},"median":{"confidence_interval":{"confidence_level":0.95,"lower_bound":-0.0008766491908627495,"upper_bound":0.004429072887127051},"point_estimate":0.0009736877421377965,"standard_error":0.00143053126084828}}