{"mean":{"confidence_interval":{"confidence_level":0.95,"lower_bound":-0.00859812696658323,"upper_bound":0.015299204834484053},"point_estimate":0.003186398765356202,"standard_error":0.006052661182422405},"median":{"confidence_interval":{"confidence_level":0.95,"lower_bound":-0.006719957256761333,"upper_bound":0.0005906083421804986},"point_estimate":-0.003378444335850439,"standard_error":0.0017824677227659138}}