{"mean":{"confidence_interval":{"confidence_level":0.95,"lower_bound":-0.00553420944062283,"upper_bound":0.0272049085437835},"point_estimate":0.01086710896113896,"standard_error":0.008385361423127877},"median":{"confidence_interval":{"confidence_level":0.95,"lower_bound":0.010365339852357325,"upper_bound":0.019598433301400764},"point_estimate":0.01517155197573028,"standard_error":0.0024263376320977277}}