{"mean":{"confidence_interval":{"confidence_level":0.95,"lower_bound":-0.009606741989519385,"upper_bound":0.020333243599355115},"point_estimate":0.004565958759708222,"standard_error":0.0076828401630451145},"median":{"confidence_interval":{"confidence_level":0.95,"lower_bound":-0.013369282122640214,"upper_bound":0.005230036286622616},"point_estimate":-0.00572565518057111,"standard_error":0.0046534512506399}}