{"mean":{"confidence_interval":{"confidence_level":0.95,"lower_bound":0.037420137880462896,"upper_bound":0.06061593189653029},"point_estimate":0.048581106046667655,"standard_error":0.0060084795606089505},"median":{"confidence_interval":{"confidence_level":0.95,"lower_bound":0.024967753079985888,"upper_bound":0.050497748770878204},"point_estimate":0.03836318246076176,"standard_error":0.006378347932116452}}