{"mean":{"confidence_interval":{"confidence_level":0.95,"lower_bound":-0.023597743959910763,"upper_bound":0.008352365688828368},"point_estimate":-0.007757096157040011,"standard_error":0.008093020429972028},"median":{"confidence_interval":{"confidence_level":0.95,"lower_bound":-0.00854666431482276,"upper_bound":0.004000710272267671},"point_estimate":-0.002035968524760845,"standard_error":0.0030749237931440025}}