{"mean":{"confidence_interval":{"confidence_level":0.95,"lower_bound":-0.004171688803924466,"upper_bound":0.030816517340020503},"point_estimate":0.013255586827436883,"standard_error":0.008905224482383182},"median":{"confidence_interval":{"confidence_level":0.95,"lower_bound":0.006137267329823004,"upper_bound":0.01394319310855896},"point_estimate":0.010636578733745017,"standard_error":0.0020643484570346433}}