{"mean":{"confidence_interval":{"confidence_level":0.95,"lower_bound":-0.019561665075728096,"upper_bound":0.0003102532833270335},"point_estimate":-0.008358251497182279,"standard_error":0.005108318172797301},"median":{"confidence_interval":{"confidence_level":0.95,"lower_bound":-0.0042007247135009695,"upper_bound":0.0001483894147552934},"point_estimate":-0.0013324659170088626,"standard_error":0.0011307408028871405}}