{"mean":{"confidence_interval":{"confidence_level":0.95,"lower_bound":-0.0017882711176768539,"upper_bound":0.016069051454168475},"point_estimate":0.0068570901890676605,"standard_error":0.004676922916008641},"median":{"confidence_interval":{"confidence_level":0.95,"lower_bound":-0.0007338735640562134,"upper_bound":0.002503599427078562},"point_estimate":0.0008458080417708125,"standard_error":0.0008159491967143913}}