{"mean":{"confidence_interval":{"confidence_level":0.95,"lower_bound":0.0027490362804681694,"upper_bound":0.048147522935484424},"point_estimate":0.02433535630811412,"standard_error":0.011468509053658722},"median":{"confidence_interval":{"confidence_level":0.95,"lower_bound":0.002267264059466312,"upper_bound":0.010251573719438967},"point_estimate":0.005657880643572533,"standard_error":0.0021202142138773356}}