{"mean":{"confidence_interval":{"confidence_level":0.95,"lower_bound":2662323.0389736844,"upper_bound":2692861.517921053},"point_estimate":2675217.8289473676,"standard_error":7931.502684678152},"median":{"confidence_interval":{"confidence_level":0.95,"lower_bound":2653640.3684210526,"upper_bound":2660796.052631579},"point_estimate":2656095.3684210526,"standard_error":1629.575533405876},"median_abs_dev":{"confidence_interval":{"confidence_level":0.95,"lower_bound":13023.078186426097,"upper_bound":23121.731826348838},"point_estimate":17425.426664321138,"standard_error":2526.950301580689},"slope":null,"std_dev":{"confidence_interval":{"confidence_level":0.95,"lower_bound":23410.52733499166,"upper_bound":124766.95928046177},"point_estimate":79724.95020131259,"standard_error":27678.54053400867}}