{"mean":{"confidence_interval":{"confidence_level":0.95,"lower_bound":-0.01073771991802906,"upper_bound":0.00863522435824568},"point_estimate":-0.001781346256319094,"standard_error":0.004875830829724479},"median":{"confidence_interval":{"confidence_level":0.95,"lower_bound":-0.0015569661734864404,"upper_bound":0.003770358008491348},"point_estimate":0.0008817594302865661,"standard_error":0.0013919845556923031}}