{"mean":{"confidence_interval":{"confidence_level":0.95,"lower_bound":0.011548061063192547,"upper_bound":0.028176677666702617},"point_estimate":0.018866444600217358,"standard_error":0.004135556550519249},"median":{"confidence_interval":{"confidence_level":0.95,"lower_bound":0.012416701022386123,"upper_bound":0.01883113646748069},"point_estimate":0.01649611374366966,"standard_error":0.0016440130847835935}}