{"mean":{"confidence_interval":{"confidence_level":0.95,"lower_bound":-0.057108579069271866,"upper_bound":-0.010205121129079071},"point_estimate":-0.031329542374672115,"standard_error":0.012056155514484112},"median":{"confidence_interval":{"confidence_level":0.95,"lower_bound":-0.01263212390076518,"upper_bound":-0.0027672250622691186},"point_estimate":-0.0073941145324804,"standard_error":0.0026100863269904262}}