{"mean":{"confidence_interval":{"confidence_level":0.95,"lower_bound":-0.002639819059300755,"upper_bound":0.004929910567822392},"point_estimate":0.0016032926920193091,"standard_error":0.0019417475662782432},"median":{"confidence_interval":{"confidence_level":0.95,"lower_bound":0.0013112408451483315,"upper_bound":0.004936528767673476},"point_estimate":0.0027196763889045794,"standard_error":0.0009082404137140243}}