{"mean":{"confidence_interval":{"confidence_level":0.95,"lower_bound":-0.024609028029922056,"upper_bound":-0.004300142606797884},"point_estimate":-0.0136385187428546,"standard_error":0.005208889297142408},"median":{"confidence_interval":{"confidence_level":0.95,"lower_bound":-0.011909597534708771,"upper_bound":0.0011610049922252674},"point_estimate":-0.002101913332430372,"standard_error":0.003322586432443356}}