{"mean":{"confidence_interval":{"confidence_level":0.95,"lower_bound":-0.00692004175932378,"upper_bound":0.01674399706517212},"point_estimate":0.0040047410361334634,"standard_error":0.006020308409410181},"median":{"confidence_interval":{"confidence_level":0.95,"lower_bound":-0.00309693774155688,"upper_bound":0.003169819912576255},"point_estimate":-0.0002696016934737866,"standard_error":0.0014728318498702234}}