{"mean":{"confidence_interval":{"confidence_level":0.95,"lower_bound":-0.0018819357808730346,"upper_bound":0.0146116359590367},"point_estimate":0.005683961283774908,"standard_error":0.004225519267625459},"median":{"confidence_interval":{"confidence_level":0.95,"lower_bound":-0.0043195374382162255,"upper_bound":0.00716942788197561},"point_estimate":-0.0003285229317055993,"standard_error":0.0030376094494036147}}