{"mean":{"confidence_interval":{"confidence_level":0.95,"lower_bound":-0.019558668476913225,"upper_bound":0.006300186837819645},"point_estimate":-0.005073615558604083,"standard_error":0.006605168464371266},"median":{"confidence_interval":{"confidence_level":0.95,"lower_bound":-0.008420786188904184,"upper_bound":-0.001463132553981118},"point_estimate":-0.003957891266803459,"standard_error":0.001789058460337797}}