{"mean":{"confidence_interval":{"confidence_level":0.95,"lower_bound":-0.06288683557915757,"upper_bound":-0.0023388037445977983},"point_estimate":-0.025373272240586386,"standard_error":0.01688213047016111},"median":{"confidence_interval":{"confidence_level":0.95,"lower_bound":-0.018892666077710528,"upper_bound":-0.009486407432486521},"point_estimate":-0.01464032540174609,"standard_error":0.0024702100005490595}}