{"mean":{"confidence_interval":{"confidence_level":0.95,"lower_bound":50974.283077132,"upper_bound":51159.26793675764},"point_estimate":51064.01360267559,"standard_error":47.254272112626346},"median":{"confidence_interval":{"confidence_level":0.95,"lower_bound":50953.42155238829,"upper_bound":51069.06196213425},"point_estimate":51010.91851973684,"standard_error":28.031922055784985},"median_abs_dev":{"confidence_interval":{"confidence_level":0.95,"lower_bound":287.37305138747024,"upper_bound":511.768126447797},"point_estimate":423.4068196126547,"standard_error":59.63017361696224},"slope":{"confidence_interval":{"confidence_level":0.95,"lower_bound":50876.46031753823,"upper_bound":51089.65422712388},"point_estimate":50983.416372986554,"standard_error":54.416071086611495},"std_dev":{"confidence_interval":{"confidence_level":0.95,"lower_bound":380.0020725792101,"upper_bound":559.7164566266983},"point_estimate":472.8026602921851,"standard_error":46.14092314941333}}