{"mean":{"confidence_interval":{"confidence_level":0.95,"lower_bound":51368.64358273812,"upper_bound":52624.296241624754},"point_estimate":51893.03657878332,"standard_error":325.3656086563106},"median":{"confidence_interval":{"confidence_level":0.95,"lower_bound":51183.65475394171,"upper_bound":51479.03139302059},"point_estimate":51336.31703896369,"standard_error":88.76772224725316},"median_abs_dev":{"confidence_interval":{"confidence_level":0.95,"lower_bound":485.6448402669789,"upper_bound":808.0680518558456},"point_estimate":691.0499959061132,"standard_error":82.73713855979123},"slope":{"confidence_interval":{"confidence_level":0.95,"lower_bound":51550.04918243196,"upper_bound":53052.44545118382},"point_estimate":52126.96229865524,"standard_error":405.86798753241163},"std_dev":{"confidence_interval":{"confidence_level":0.95,"lower_bound":632.5927999259596,"upper_bound":5206.781347381063},"point_estimate":3273.5274089285317,"standard_error":1185.258417461901}}