{"mean":{"confidence_interval":{"confidence_level":0.95,"lower_bound":3302265.8017187496,"upper_bound":3310570.89490625},"point_estimate":3306323.203125,"standard_error":2112.170446781039},"median":{"confidence_interval":{"confidence_level":0.95,"lower_bound":3296802.0625,"upper_bound":3307332.03125},"point_estimate":3302164.03125,"standard_error":2541.0358208928496},"median_abs_dev":{"confidence_interval":{"confidence_level":0.95,"lower_bound":13320.141476020217,"upper_bound":23953.40060989835},"point_estimate":17507.37445168197,"standard_error":2700.025662202389},"slope":null,"std_dev":{"confidence_interval":{"confidence_level":0.95,"lower_bound":17351.56500654413,"upper_bound":24604.357422233767},"point_estimate":21109.641558417232,"standard_error":1860.4039962429356}}