{"mean":{"confidence_interval":{"confidence_level":0.95,"lower_bound":11847.70830570241,"upper_bound":12155.377123679578},"point_estimate":11974.018681183876,"standard_error":80.15056067906879},"median":{"confidence_interval":{"confidence_level":0.95,"lower_bound":11775.794217687075,"upper_bound":11945.947405828003},"point_estimate":11835.217509920636,"standard_error":38.73969414994686},"median_abs_dev":{"confidence_interval":{"confidence_level":0.95,"lower_bound":227.2468845819203,"upper_bound":361.2053518640559},"point_estimate":295.75897785900577,"standard_error":33.88029984051564},"slope":{"confidence_interval":{"confidence_level":0.95,"lower_bound":11853.064842123438,"upper_bound":12226.224481619389},"point_estimate":12013.089719542317,"standard_error":96.1971437138877},"std_dev":{"confidence_interval":{"confidence_level":0.95,"lower_bound":270.691188257735,"upper_bound":1290.6519430412889},"point_estimate":805.7997881735851,"standard_error":310.6886610274559}}