{"mean":{"confidence_interval":{"confidence_level":0.95,"lower_bound":50884.09861176227,"upper_bound":51524.3907051459},"point_estimate":51172.825517965044,"standard_error":164.18696609136063},"median":{"confidence_interval":{"confidence_level":0.95,"lower_bound":50574.05903774588,"upper_bound":50784.3023255814},"point_estimate":50647.63153895548,"standard_error":53.58517047551906},"median_abs_dev":{"confidence_interval":{"confidence_level":0.95,"lower_bound":225.2960497235957,"upper_bound":452.2994350470068},"point_estimate":333.0036496374536,"standard_error":58.86962688800295},"slope":{"confidence_interval":{"confidence_level":0.95,"lower_bound":50899.07383548435,"upper_bound":51962.37305620006},"point_estimate":51364.547300132996,"standard_error":274.11893683253766},"std_dev":{"confidence_interval":{"confidence_level":0.95,"lower_bound":893.5359573035108,"upper_bound":2232.1284213495987},"point_estimate":1644.4314659579275,"standard_error":341.9820742950855}}