{"mean":{"confidence_interval":{"confidence_level":0.95,"lower_bound":3785376.381230769,"upper_bound":3829327.162884615},"point_estimate":3807539.3246153845,"standard_error":11198.675097382125},"median":{"confidence_interval":{"confidence_level":0.95,"lower_bound":3775181.115384615,"upper_bound":3846733.923076923},"point_estimate":3820190.730769231,"standard_error":16997.945601140193},"median_abs_dev":{"confidence_interval":{"confidence_level":0.95,"lower_bound":104282.86889822395,"upper_bound":158913.7897094857},"point_estimate":141179.6701243289,"standard_error":14249.692776592477},"slope":null,"std_dev":{"confidence_interval":{"confidence_level":0.95,"lower_bound":99751.42268010117,"upper_bound":123669.65671276937},"point_estimate":112441.69693933247,"standard_error":6087.328501149567}}