{"mean":{"confidence_interval":{"confidence_level":0.95,"lower_bound":48022842.489,"upper_bound":48148401.79875},"point_estimate":48085023.98,"standard_error":32153.310443881765},"median":{"confidence_interval":{"confidence_level":0.95,"lower_bound":47999708.5,"upper_bound":48117333.5},"point_estimate":48051562.5,"standard_error":30079.96881642145},"median_abs_dev":{"confidence_interval":{"confidence_level":0.95,"lower_bound":216737.95430213213,"upper_bound":364503.8752287626},"point_estimate":280720.6681162119,"standard_error":38475.21918810098},"slope":null,"std_dev":{"confidence_interval":{"confidence_level":0.95,"lower_bound":269267.2463063953,"upper_bound":373415.2291297493},"point_estimate":324265.4373052534,"standard_error":26598.994618109613}}