{"mean":{"confidence_interval":{"confidence_level":0.95,"lower_bound":17783600.60583333,"upper_bound":17901053.525333334},"point_estimate":17840520.703333337,"standard_error":29998.155317712786},"median":{"confidence_interval":{"confidence_level":0.95,"lower_bound":17657902.666666668,"upper_bound":17784604.333333332},"point_estimate":17695750.166666664,"standard_error":34939.310337023926},"median_abs_dev":{"confidence_interval":{"confidence_level":0.95,"lower_bound":121357.22009047685,"upper_bound":293989.52398814575},"point_estimate":187662.31556832514,"standard_error":45419.0526784681},"slope":null,"std_dev":{"confidence_interval":{"confidence_level":0.95,"lower_bound":252217.92635444194,"upper_bound":345620.54328477115},"point_estimate":302082.5437753505,"standard_error":23848.285103430902}}