{"mean":{"confidence_interval":{"confidence_level":0.95,"lower_bound":18647476.939833336,"upper_bound":19150693.970416673},"point_estimate":18854513.06,"standard_error":133473.8176113088},"median":{"confidence_interval":{"confidence_level":0.95,"lower_bound":18608486.0,"upper_bound":18684500.0},"point_estimate":18652493.0,"standard_error":18418.22353764982},"median_abs_dev":{"confidence_interval":{"confidence_level":0.95,"lower_bound":125424.00417328249,"upper_bound":218623.79675865307},"point_estimate":185706.024903059,"standard_error":24032.294226706093},"slope":null,"std_dev":{"confidence_interval":{"confidence_level":0.95,"lower_bound":196579.00305381787,"upper_bound":2080052.6006456637},"point_estimate":1339076.5474069403,"standard_error":518532.4922662151}}