{"mean":{"confidence_interval":{"confidence_level":0.95,"lower_bound":12168.251746947795,"upper_bound":12359.809612591838},"point_estimate":12257.221318732541,"standard_error":49.17248915754426},"median":{"confidence_interval":{"confidence_level":0.95,"lower_bound":12091.847185741088,"upper_bound":12226.94659089723},"point_estimate":12169.075563378798,"standard_error":36.94796026195915},"median_abs_dev":{"confidence_interval":{"confidence_level":0.95,"lower_bound":194.47177137528809,"upper_bound":327.45139438542014},"point_estimate":239.66011704380077,"standard_error":34.35045039293218},"slope":{"confidence_interval":{"confidence_level":0.95,"lower_bound":12193.213200643018,"upper_bound":12529.17269264156},"point_estimate":12347.021062076721,"standard_error":86.21616933197711},"std_dev":{"confidence_interval":{"confidence_level":0.95,"lower_bound":304.9950725625976,"upper_bound":657.9868312682844},"point_estimate":493.9513051199308,"standard_error":90.66780571892235}}