{"mean":{"confidence_interval":{"confidence_level":0.95,"lower_bound":-0.8954485406377932,"upper_bound":-0.8848045592080737},"point_estimate":-0.8900588041078056,"standard_error":0.0027186358801514314},"median":{"confidence_interval":{"confidence_level":0.95,"lower_bound":-0.8937211988964598,"upper_bound":-0.8875361159424813},"point_estimate":-0.890866361816565,"standard_error":0.0014447172136670243}}