{"mean":{"confidence_interval":{"confidence_level":0.95,"lower_bound":-0.005829706412733984,"upper_bound":0.002962091909236054},"point_estimate":-0.001662266373154364,"standard_error":0.0022623811444269473},"median":{"confidence_interval":{"confidence_level":0.95,"lower_bound":-0.006909979494742369,"upper_bound":-0.0001451395539846687},"point_estimate":-0.003621449166384183,"standard_error":0.0016599798330527943}}