{"mean":{"confidence_interval":{"confidence_level":0.95,"lower_bound":0.00009646857060470826,"upper_bound":0.012599859711579106},"point_estimate":0.006073647257321291,"standard_error":0.003171237845030046},"median":{"confidence_interval":{"confidence_level":0.95,"lower_bound":-0.0005510420963699136,"upper_bound":0.007797985166546617},"point_estimate":0.003493697388790462,"standard_error":0.00212453395208636}}