{"mean":{"confidence_interval":{"confidence_level":0.95,"lower_bound":-0.0214766630211233,"upper_bound":-0.007162044409338853},"point_estimate":-0.014722046363111918,"standard_error":0.0035998103368738827},"median":{"confidence_interval":{"confidence_level":0.95,"lower_bound":-0.020421683251256373,"upper_bound":-0.013531594213662235},"point_estimate":-0.016764749435990378,"standard_error":0.0017841406179890627}}