{"mean":{"confidence_interval":{"confidence_level":0.95,"lower_bound":-0.05806974281832329,"upper_bound":0.006836929810062389},"point_estimate":-0.017682557940524424,"standard_error":0.018522274630150323},"median":{"confidence_interval":{"confidence_level":0.95,"lower_bound":0.0015938089594909055,"upper_bound":0.010164478132099974},"point_estimate":0.005668940687810986,"standard_error":0.002172004598443309}}