{"mean":{"confidence_interval":{"confidence_level":0.95,"lower_bound":0.01611856236154523,"upper_bound":0.036809021173479894},"point_estimate":0.024682848083047437,"standard_error":0.0055492847203778},"median":{"confidence_interval":{"confidence_level":0.95,"lower_bound":0.014163443197304115,"upper_bound":0.018113278734240845},"point_estimate":0.01586686948395344,"standard_error":0.0008588536059911396}}