{"mean":{"confidence_interval":{"confidence_level":0.95,"lower_bound":0.0070267606869373125,"upper_bound":0.01899322542816003},"point_estimate":0.01359671035891541,"standard_error":0.003066168558752514},"median":{"confidence_interval":{"confidence_level":0.95,"lower_bound":0.014801622114220404,"upper_bound":0.020683520210447837},"point_estimate":0.017077640843876418,"standard_error":0.0016260964837862028}}