{"mean":{"confidence_interval":{"confidence_level":0.95,"lower_bound":0.003350139168870099,"upper_bound":0.01671208895787116},"point_estimate":0.011152645383802229,"standard_error":0.0034772393393935393},"median":{"confidence_interval":{"confidence_level":0.95,"lower_bound":0.008790913547127799,"upper_bound":0.01640237622517171},"point_estimate":0.012326540994919588,"standard_error":0.0020667888549000426}}