{"mean":{"confidence_interval":{"confidence_level":0.95,"lower_bound":0.008606006473894152,"upper_bound":0.05353205819972965},"point_estimate":0.025183823084234946,"standard_error":0.011828141527879038},"median":{"confidence_interval":{"confidence_level":0.95,"lower_bound":0.01439022146891511,"upper_bound":0.018224856319636995},"point_estimate":0.01647774188130846,"standard_error":0.0010396412318988356}}