{"mean":{"confidence_interval":{"confidence_level":0.95,"lower_bound":61655.04088077594,"upper_bound":64145.51612273941},"point_estimate":62625.57729433371,"standard_error":661.9271278232436},"median":{"confidence_interval":{"confidence_level":0.95,"lower_bound":61302.756944444445,"upper_bound":61579.88392857143},"point_estimate":61426.500325342466,"standard_error":77.01576480835102},"median_abs_dev":{"confidence_interval":{"confidence_level":0.95,"lower_bound":354.44832730812334,"upper_bound":666.8935801347026},"point_estimate":478.00547913197653,"standard_error":81.66677137778404},"slope":{"confidence_interval":{"confidence_level":0.95,"lower_bound":61458.635954547106,"upper_bound":63287.403535593},"point_estimate":62090.46461615191,"standard_error":518.0331611203087},"std_dev":{"confidence_interval":{"confidence_level":0.95,"lower_bound":820.4048895634452,"upper_bound":10940.92387239619},"point_estimate":6657.568581897545,"standard_error":2936.4840865174024}}