{"mean":{"confidence_interval":{"confidence_level":0.95,"lower_bound":52967.54254277175,"upper_bound":53154.53005688034},"point_estimate":53056.12153432312,"standard_error":47.83476626350565},"median":{"confidence_interval":{"confidence_level":0.95,"lower_bound":52861.050760346814,"upper_bound":52986.84210526316},"point_estimate":52912.69736842105,"standard_error":28.68081944798116},"median_abs_dev":{"confidence_interval":{"confidence_level":0.95,"lower_bound":226.50349954778787,"upper_bound":393.03876382183864},"point_estimate":283.59390302271856,"standard_error":39.27575228622722},"slope":{"confidence_interval":{"confidence_level":0.95,"lower_bound":52971.34864937534,"upper_bound":53210.69921324728},"point_estimate":53085.48088152256,"standard_error":61.0812969854646},"std_dev":{"confidence_interval":{"confidence_level":0.95,"lower_bound":351.3304265829951,"upper_bound":602.4872538362415},"point_estimate":480.9474110942613,"standard_error":64.17424687643408}}