{"mean":{"confidence_interval":{"confidence_level":0.95,"lower_bound":0.01153952330491515,"upper_bound":0.01935877644992098},"point_estimate":0.015513921867630787,"standard_error":0.001984693498469974},"median":{"confidence_interval":{"confidence_level":0.95,"lower_bound":0.015973169595506098,"upper_bound":0.021095785601007888},"point_estimate":0.01884726432882622,"standard_error":0.0014246978650843019}}