{"mean":{"confidence_interval":{"confidence_level":0.95,"lower_bound":0.0002340154472563752,"upper_bound":0.004880802302685249},"point_estimate":0.0025908521183146682,"standard_error":0.0011828284716358418},"median":{"confidence_interval":{"confidence_level":0.95,"lower_bound":0.00047644609289210216,"upper_bound":0.0045752820274092},"point_estimate":0.002378662370815521,"standard_error":0.0010067899765580338}}