{"mean":{"confidence_interval":{"confidence_level":0.95,"lower_bound":69034189.5,"upper_bound":69317823.72},"point_estimate":69171716.61,"standard_error":72095.59659209971},"median":{"confidence_interval":{"confidence_level":0.95,"lower_bound":68880520.5,"upper_bound":69234541.0},"point_estimate":69110833.0,"standard_error":93284.69260966968},"median_abs_dev":{"confidence_interval":{"confidence_level":0.95,"lower_bound":578677.3022264242,"upper_bound":877946.7786133289},"point_estimate":725021.7804282904,"standard_error":75611.32639019078},"slope":null,"std_dev":{"confidence_interval":{"confidence_level":0.95,"lower_bound":594694.635648548,"upper_bound":849182.9554258701},"point_estimate":724808.1609123545,"standard_error":65013.49339706897}}