{"mean":{"confidence_interval":{"confidence_level":0.95,"lower_bound":2471213.4080952387,"upper_bound":2513297.0623809523},"point_estimate":2490027.754761904,"standard_error":10715.680756103136},"median":{"confidence_interval":{"confidence_level":0.95,"lower_bound":2446545.619047619,"upper_bound":2459428.5714285714},"point_estimate":2451555.5476190476,"standard_error":3693.4915009615706},"median_abs_dev":{"confidence_interval":{"confidence_level":0.95,"lower_bound":9216.229736379199,"upper_bound":25677.819644127292},"point_estimate":14353.862245167938,"standard_error":4366.624990774516},"slope":null,"std_dev":{"confidence_interval":{"confidence_level":0.95,"lower_bound":49853.521727699524,"upper_bound":150956.93545478798},"point_estimate":108452.61131321975,"standard_error":25127.574612281558}}