{"mean":{"confidence_interval":{"confidence_level":0.95,"lower_bound":-0.003283240745669813,"upper_bound":0.012762337658007836},"point_estimate":0.003554012686620256,"standard_error":0.004157069174158829},"median":{"confidence_interval":{"confidence_level":0.95,"lower_bound":-0.0029440502425594935,"upper_bound":0.0017066893343538757},"point_estimate":-0.0007108433728776342,"standard_error":0.001105664166496584}}