{"mean":{"confidence_interval":{"confidence_level":0.95,"lower_bound":0.017453128697645027,"upper_bound":0.027104050643587705},"point_estimate":0.02194507934958856,"standard_error":0.0024087501966546065},"median":{"confidence_interval":{"confidence_level":0.95,"lower_bound":0.016365060473020554,"upper_bound":0.017737785560836272},"point_estimate":0.017244524680514406,"standard_error":0.0003570748876494754}}