{"mean":{"confidence_interval":{"confidence_level":0.95,"lower_bound":-0.030372882334437974,"upper_bound":0.017677055608331247},"point_estimate":-0.008419839632018533,"standard_error":0.011975859315819811},"median":{"confidence_interval":{"confidence_level":0.95,"lower_bound":-0.01541242539351162,"upper_bound":-0.009032432407099389},"point_estimate":-0.012861826511799679,"standard_error":0.0016705339321264126}}