{"mean":{"confidence_interval":{"confidence_level":0.95,"lower_bound":-0.0038194889714809315,"upper_bound":0.0027504265779896243},"point_estimate":-0.0005567772965066053,"standard_error":0.0016944934801582667},"median":{"confidence_interval":{"confidence_level":0.95,"lower_bound":-0.0031467029027120175,"upper_bound":0.001289536065059993},"point_estimate":-0.0007029544729443282,"standard_error":0.0011274354247569776}}