{"mean":{"confidence_interval":{"confidence_level":0.95,"lower_bound":-0.09218130527255314,"upper_bound":-0.010594890081005424},"point_estimate":-0.0461475371517599,"standard_error":0.021476638383394593},"median":{"confidence_interval":{"confidence_level":0.95,"lower_bound":-0.00872230899456039,"upper_bound":-0.0016622164958608465},"point_estimate":-0.005726945384050497,"standard_error":0.0018071125577820482}}