{"mean":{"confidence_interval":{"confidence_level":0.95,"lower_bound":-0.029332085094599513,"upper_bound":-0.008834982887490527},"point_estimate":-0.018295921653158853,"standard_error":0.005261122123594478},"median":{"confidence_interval":{"confidence_level":0.95,"lower_bound":-0.010785884338540276,"upper_bound":-0.004102900677167787},"point_estimate":-0.007690141407643458,"standard_error":0.0016865071766914523}}