{"mean":{"confidence_interval":{"confidence_level":0.95,"lower_bound":-0.0041660425513891965,"upper_bound":0.011366831859978463},"point_estimate":0.00540114117166457,"standard_error":0.004180119602788475},"median":{"confidence_interval":{"confidence_level":0.95,"lower_bound":0.00786899280660544,"upper_bound":0.012156666107212537},"point_estimate":0.009446431995594695,"standard_error":0.0010530092989191819}}