{"mean":{"confidence_interval":{"confidence_level":0.95,"lower_bound":-0.0143804658233969,"upper_bound":0.0016077683766367627},"point_estimate":-0.005220732234191283,"standard_error":0.00413211685114621},"median":{"confidence_interval":{"confidence_level":0.95,"lower_bound":-0.003504537305674127,"upper_bound":0.0008412786094005309},"point_estimate":-0.0012720105924231007,"standard_error":0.0010260978036171983}}