{"mean":{"confidence_interval":{"confidence_level":0.95,"lower_bound":-0.03658557352338839,"upper_bound":0.002835648104001675},"point_estimate":-0.012998447653631118,"standard_error":0.010427368780915823},"median":{"confidence_interval":{"confidence_level":0.95,"lower_bound":-0.0002450096899067056,"upper_bound":0.0061359280447441655},"point_estimate":0.002990417027393777,"standard_error":0.001634321012734996}}