{"mean":{"confidence_interval":{"confidence_level":0.95,"lower_bound":-0.007984058077095223,"upper_bound":-0.0024635718499722743},"point_estimate":-0.0051043761970801516,"standard_error":0.0014120394875540383},"median":{"confidence_interval":{"confidence_level":0.95,"lower_bound":-0.006110088012676207,"upper_bound":-0.000018835243041888835},"point_estimate":-0.003078121081102392,"standard_error":0.0015514820005900108}}