{"mean":{"confidence_interval":{"confidence_level":0.95,"lower_bound":-0.008314450154508298,"upper_bound":-0.0024926156776095914},"point_estimate":-0.005149897367559775,"standard_error":0.0014965838193146538},"median":{"confidence_interval":{"confidence_level":0.95,"lower_bound":-0.004205254345821086,"upper_bound":-0.0030161962798201936},"point_estimate":-0.0037537326770445967,"standard_error":0.00030096344573906725}}