{"mean":{"confidence_interval":{"confidence_level":0.95,"lower_bound":26418.565744463605,"upper_bound":26762.94145230266},"point_estimate":26573.153174615363,"standard_error":88.53905376536814},"median":{"confidence_interval":{"confidence_level":0.95,"lower_bound":26290.727067669173,"upper_bound":26363.401754385966},"point_estimate":26326.58379790018,"standard_error":20.81104080489416},"median_abs_dev":{"confidence_interval":{"confidence_level":0.95,"lower_bound":106.52771073270829,"upper_bound":203.29145816153797},"point_estimate":150.58978033355757,"standard_error":25.512072193850347},"slope":{"confidence_interval":{"confidence_level":0.95,"lower_bound":26398.517692732115,"upper_bound":27009.819993974463},"point_estimate":26667.849356474533,"standard_error":157.409722610205},"std_dev":{"confidence_interval":{"confidence_level":0.95,"lower_bound":469.7911020150377,"upper_bound":1230.489857836766},"point_estimate":890.7354902439463,"standard_error":204.05612042140203}}