{"mean":{"confidence_interval":{"confidence_level":0.95,"lower_bound":19716290.181916676,"upper_bound":20064325.86575},"point_estimate":19872211.95333334,"standard_error":89631.1536965798},"median":{"confidence_interval":{"confidence_level":0.95,"lower_bound":19608569.666666664,"upper_bound":19756451.333333336},"point_estimate":19684659.833333336,"standard_error":36367.91149796036},"median_abs_dev":{"confidence_interval":{"confidence_level":0.95,"lower_bound":242199.26140009987,"upper_bound":366572.8434920311},"point_estimate":309904.6601980934,"standard_error":31167.61432403492},"slope":null,"std_dev":{"confidence_interval":{"confidence_level":0.95,"lower_bound":436736.6550049517,"upper_bound":1262165.5192823664},"point_estimate":896933.8831473115,"standard_error":212862.08725614607}}