{"mean":{"confidence_interval":{"confidence_level":0.95,"lower_bound":55308.235965206775,"upper_bound":55536.52660701223},"point_estimate":55415.762286710145,"standard_error":58.03851803327741},"median":{"confidence_interval":{"confidence_level":0.95,"lower_bound":55097.15046296296,"upper_bound":55334.048484848485},"point_estimate":55132.911496913584,"standard_error":52.34775149629304},"median_abs_dev":{"confidence_interval":{"confidence_level":0.95,"lower_bound":125.14024679433898,"upper_bound":426.7050931340042},"point_estimate":205.09353850661603,"standard_error":72.60251753463918},"slope":{"confidence_interval":{"confidence_level":0.95,"lower_bound":55370.897171602606,"upper_bound":55571.207151465795},"point_estimate":55471.169628261334,"standard_error":51.28384677303122},"std_dev":{"confidence_interval":{"confidence_level":0.95,"lower_bound":413.14275590973455,"upper_bound":754.2927760723535},"point_estimate":583.3437344564952,"standard_error":88.73095333654607}}