{"mean":{"confidence_interval":{"confidence_level":0.95,"lower_bound":55358.14974872762,"upper_bound":55782.518039957475},"point_estimate":55524.68722244642,"standard_error":112.50173055584558},"median":{"confidence_interval":{"confidence_level":0.95,"lower_bound":55206.525,"upper_bound":55434.818713450295},"point_estimate":55309.394316730526,"standard_error":66.5089255061509},"median_abs_dev":{"confidence_interval":{"confidence_level":0.95,"lower_bound":224.03347946423406,"upper_bound":383.3936989405282},"point_estimate":331.53982978065494,"standard_error":44.33952945408153},"slope":{"confidence_interval":{"confidence_level":0.95,"lower_bound":55401.84933585423,"upper_bound":56327.89033984541},"point_estimate":55730.38685910382,"standard_error":262.85418353040325},"std_dev":{"confidence_interval":{"confidence_level":0.95,"lower_bound":352.6375498190523,"upper_bound":1851.1422332754084},"point_estimate":1130.7387781792143,"standard_error":496.0631657949131}}