{"mean":{"confidence_interval":{"confidence_level":0.95,"lower_bound":15496992.8755,"upper_bound":15873663.791375},"point_estimate":15653035.3125,"standard_error":97811.293568605},"median":{"confidence_interval":{"confidence_level":0.95,"lower_bound":15434312.5,"upper_bound":15633666.5},"point_estimate":15529958.375,"standard_error":46458.91925398639},"median_abs_dev":{"confidence_interval":{"confidence_level":0.95,"lower_bound":221455.7727433741,"upper_bound":329878.3088184893},"point_estimate":289408.333311975,"standard_error":27379.490639136464},"slope":null,"std_dev":{"confidence_interval":{"confidence_level":0.95,"lower_bound":259894.09805876654,"upper_bound":1557804.6109468574},"point_estimate":981393.9886577999,"standard_error":356535.959473834}}