{"mean":{"confidence_interval":{"confidence_level":0.95,"lower_bound":15504598.994625,"upper_bound":15772315.93},"point_estimate":15606101.3675,"standard_error":72735.04704435132},"median":{"confidence_interval":{"confidence_level":0.95,"lower_bound":15475864.5,"upper_bound":15563468.75},"point_estimate":15505645.875,"standard_error":19244.35791653657},"median_abs_dev":{"confidence_interval":{"confidence_level":0.95,"lower_bound":142993.61693635583,"upper_bound":239594.27147135139},"point_estimate":185935.08659899235,"standard_error":23871.58019792234},"slope":null,"std_dev":{"confidence_interval":{"confidence_level":0.95,"lower_bound":176125.67097375364,"upper_bound":1220569.757435345},"point_estimate":730768.2053978468,"standard_error":355498.30803598545}}