{"mean":{"confidence_interval":{"confidence_level":0.95,"lower_bound":-0.0702261527938241,"upper_bound":-0.009038530921550676},"point_estimate":-0.033818884902360846,"standard_error":0.016282050867950294},"median":{"confidence_interval":{"confidence_level":0.95,"lower_bound":-0.017846895057134105,"upper_bound":-0.010030707476154088},"point_estimate":-0.012522118123258652,"standard_error":0.0020311723248813336}}