{"mean":{"confidence_interval":{"confidence_level":0.95,"lower_bound":-0.026716319677564986,"upper_bound":0.0025495866218308186},"point_estimate":-0.011183334172548687,"standard_error":0.00747980706015559},"median":{"confidence_interval":{"confidence_level":0.95,"lower_bound":-0.006898896938105414,"upper_bound":-0.0012741217039546893},"point_estimate":-0.0042812136885814756,"standard_error":0.0014160294381673029}}