{"mean":{"confidence_interval":{"confidence_level":0.95,"lower_bound":0.0015131168114456532,"upper_bound":0.015110510498799037},"point_estimate":0.008646924414783319,"standard_error":0.0034670827584545754},"median":{"confidence_interval":{"confidence_level":0.95,"lower_bound":0.004212461806187395,"upper_bound":0.009425950148663098},"point_estimate":0.0062219536446133095,"standard_error":0.00139222786078652}}