{"mean":{"confidence_interval":{"confidence_level":0.95,"lower_bound":0.011046683699600329,"upper_bound":0.03570634843291917},"point_estimate":0.02132685546243418,"standard_error":0.0064066592433107425},"median":{"confidence_interval":{"confidence_level":0.95,"lower_bound":0.010935843116379074,"upper_bound":0.018341554097093926},"point_estimate":0.014978756039480956,"standard_error":0.0019628415393136414}}