{"mean":{"confidence_interval":{"confidence_level":0.95,"lower_bound":-0.020149205916372755,"upper_bound":-0.008606606969915559},"point_estimate":-0.013872018795991758,"standard_error":0.002945705943222421},"median":{"confidence_interval":{"confidence_level":0.95,"lower_bound":-0.015372874391313185,"upper_bound":-0.007406843361879467},"point_estimate":-0.013456179707803884,"standard_error":0.001929794836004758}}