{"mean":{"confidence_interval":{"confidence_level":0.95,"lower_bound":-0.008099142074264877,"upper_bound":0.008504361320675991},"point_estimate":0.0008988231129334334,"standard_error":0.004227359022579317},"median":{"confidence_interval":{"confidence_level":0.95,"lower_bound":-0.0010117072915560854,"upper_bound":0.0023281623799653595},"point_estimate":0.0006377186046750971,"standard_error":0.0008014169586801125}}