{"mean":{"confidence_interval":{"confidence_level":0.95,"lower_bound":-0.007299361857118811,"upper_bound":0.009764282581468168},"point_estimate":0.0023449791512082374,"standard_error":0.0043744979114739135},"median":{"confidence_interval":{"confidence_level":0.95,"lower_bound":0.010589628305926267,"upper_bound":0.013754813389354796},"point_estimate":0.012231557943794824,"standard_error":0.0007824224249252876}}