{"mean":{"confidence_interval":{"confidence_level":0.95,"lower_bound":0.006341218426429236,"upper_bound":0.022967983007929713},"point_estimate":0.013693447560404026,"standard_error":0.004176337530211174},"median":{"confidence_interval":{"confidence_level":0.95,"lower_bound":0.004246123979166017,"upper_bound":0.009289204791805838},"point_estimate":0.006775211708508699,"standard_error":0.0011846001303282769}}