{"mean":{"confidence_interval":{"confidence_level":0.95,"lower_bound":0.0004671292251158816,"upper_bound":0.011760441716925682},"point_estimate":0.006325168659794267,"standard_error":0.0028726131117141323},"median":{"confidence_interval":{"confidence_level":0.95,"lower_bound":0.009224935179961369,"upper_bound":0.013310363623090904},"point_estimate":0.011271984108274902,"standard_error":0.0010577112359110292}}