{"mean":{"confidence_interval":{"confidence_level":0.95,"lower_bound":-0.0801434431823374,"upper_bound":0.02109938135602407},"point_estimate":-0.0385075698692926,"standard_error":0.026293129839489438},"median":{"confidence_interval":{"confidence_level":0.95,"lower_bound":-0.07666565868083675,"upper_bound":-0.07012315867367319},"point_estimate":-0.0729221753059468,"standard_error":0.001652325633852569}}