{"mean":{"confidence_interval":{"confidence_level":0.95,"lower_bound":0.00819523057184528,"upper_bound":0.020861331943281804},"point_estimate":0.015391447493271704,"standard_error":0.003287631092695242},"median":{"confidence_interval":{"confidence_level":0.95,"lower_bound":0.01575648920248618,"upper_bound":0.025008102998204995},"point_estimate":0.021102668504651145,"standard_error":0.002313069942868627}}