{"mean":{"confidence_interval":{"confidence_level":0.95,"lower_bound":-0.003943151132715287,"upper_bound":0.0639542675926041},"point_estimate":0.02277605054211862,"standard_error":0.017629460953321303},"median":{"confidence_interval":{"confidence_level":0.95,"lower_bound":0.001094112212589593,"upper_bound":0.009030880271925446},"point_estimate":0.0038889512993711683,"standard_error":0.0019967266606615874}}