{"mean":{"confidence_interval":{"confidence_level":0.95,"lower_bound":-0.020014669405982875,"upper_bound":-0.0062306843209449245},"point_estimate":-0.013745563464034882,"standard_error":0.0035331156682221533},"median":{"confidence_interval":{"confidence_level":0.95,"lower_bound":-0.02500628467650412,"upper_bound":-0.0175536017774357},"point_estimate":-0.021689602741722158,"standard_error":0.0018874351265798248}}