{"mean":{"confidence_interval":{"confidence_level":0.95,"lower_bound":0.0045141191139965575,"upper_bound":0.02169384564784956},"point_estimate":0.011685225553468293,"standard_error":0.00465633114442038},"median":{"confidence_interval":{"confidence_level":0.95,"lower_bound":0.0018491971218586034,"upper_bound":0.009863022589600015},"point_estimate":0.005918436760820267,"standard_error":0.0019711039978937144}}