{"mean":{"confidence_interval":{"confidence_level":0.95,"lower_bound":-0.22322114464794263,"upper_bound":-0.19929532142090042},"point_estimate":-0.21231540055739095,"standard_error":0.006047076175146745},"median":{"confidence_interval":{"confidence_level":0.95,"lower_bound":-0.21597601512917908,"upper_bound":-0.20555229885694573},"point_estimate":-0.21106290347460843,"standard_error":0.0026578787574502104}}