{"mean":{"confidence_interval":{"confidence_level":0.95,"lower_bound":-0.015893461971914383,"upper_bound":0.00994498117719666},"point_estimate":-0.002780769925355031,"standard_error":0.006611960631155182},"median":{"confidence_interval":{"confidence_level":0.95,"lower_bound":-0.005382992478362381,"upper_bound":0.006942448041563267},"point_estimate":0.002584464807921627,"standard_error":0.003293346155572329}}