{"mean":{"confidence_interval":{"confidence_level":0.95,"lower_bound":0.007670476855692676,"upper_bound":0.01940276833596431},"point_estimate":0.01366013641431607,"standard_error":0.003032536922680772},"median":{"confidence_interval":{"confidence_level":0.95,"lower_bound":0.0031773510123509485,"upper_bound":0.02584473510368901},"point_estimate":0.012471081479847435,"standard_error":0.006657805324570085}}