{"mean":{"confidence_interval":{"confidence_level":0.95,"lower_bound":8823.889881059025,"upper_bound":9274.938967925978},"point_estimate":9015.235087923073,"standard_error":116.86813871240008},"median":{"confidence_interval":{"confidence_level":0.95,"lower_bound":8727.701192250373,"upper_bound":8797.286909090908},"point_estimate":8758.973295454545,"standard_error":17.847485008634955},"median_abs_dev":{"confidence_interval":{"confidence_level":0.95,"lower_bound":126.82829384215863,"upper_bound":230.2406639287415},"point_estimate":174.95764077097402,"standard_error":25.332255322109575},"slope":{"confidence_interval":{"confidence_level":0.95,"lower_bound":8778.631949634913,"upper_bound":9172.917185264803},"point_estimate":8941.929912006126,"standard_error":102.70268588919336},"std_dev":{"confidence_interval":{"confidence_level":0.95,"lower_bound":298.533179551037,"upper_bound":1838.5143046259093},"point_estimate":1175.5381118551206,"standard_error":395.9520089033089}}