{"mean":{"confidence_interval":{"confidence_level":0.95,"lower_bound":893.4200062615325,"upper_bound":899.0282197456567},"point_estimate":895.864620384149,"standard_error":1.443105450608636},"median":{"confidence_interval":{"confidence_level":0.95,"lower_bound":891.9223433242507,"upper_bound":894.9523160762943},"point_estimate":893.9175544959128,"standard_error":0.8180615060623071},"median_abs_dev":{"confidence_interval":{"confidence_level":0.95,"lower_bound":3.9856169735548628,"upper_bound":6.664849409936843},"point_estimate":5.315122727117583,"standard_error":0.6821946708095104},"slope":{"confidence_interval":{"confidence_level":0.95,"lower_bound":892.6779324257493,"upper_bound":902.8162022162616},"point_estimate":896.3269715898346,"standard_error":2.8400351537758004},"std_dev":{"confidence_interval":{"confidence_level":0.95,"lower_bound":5.566128080933679,"upper_bound":21.560874308489147},"point_estimate":14.457453149942015,"standard_error":4.081736047627045}}