{"mean":{"confidence_interval":{"confidence_level":0.95,"lower_bound":-0.03147218753496195,"upper_bound":-0.013064639437531259},"point_estimate":-0.0218202606447645,"standard_error":0.004706649762944798},"median":{"confidence_interval":{"confidence_level":0.95,"lower_bound":-0.026312415354194263,"upper_bound":-0.004791813382644339},"point_estimate":-0.016258706521326327,"standard_error":0.005222423143097757}}