{"mean":{"confidence_interval":{"confidence_level":0.95,"lower_bound":0.018799333149555533,"upper_bound":0.040677612215776475},"point_estimate":0.029112450230902143,"standard_error":0.005526937578621137},"median":{"confidence_interval":{"confidence_level":0.95,"lower_bound":0.012931571279315213,"upper_bound":0.021345164576125564},"point_estimate":0.01758968205933198,"standard_error":0.002109594242036604}}