{"mean":{"confidence_interval":{"confidence_level":0.95,"lower_bound":0.014803597424926974,"upper_bound":0.019928787907181975},"point_estimate":0.017408934452677327,"standard_error":0.0013008880536799934},"median":{"confidence_interval":{"confidence_level":0.95,"lower_bound":0.01629153950734885,"upper_bound":0.02047040714025128},"point_estimate":0.018717677368054186,"standard_error":0.0009898583734974562}}