{"mean":{"confidence_interval":{"confidence_level":0.95,"lower_bound":-0.03167997124856734,"upper_bound":-0.011340671920787426},"point_estimate":-0.02126229015828618,"standard_error":0.00517258051464516},"median":{"confidence_interval":{"confidence_level":0.95,"lower_bound":-0.018090385853076874,"upper_bound":-0.010389886633631606},"point_estimate":-0.014997962034043688,"standard_error":0.0019470241455393374}}