{"mean":{"confidence_interval":{"confidence_level":0.95,"lower_bound":-0.02119491564726902,"upper_bound":0.008373731290102994},"point_estimate":-0.005506953786450608,"standard_error":0.007566890843454786},"median":{"confidence_interval":{"confidence_level":0.95,"lower_bound":0.0029809609595738973,"upper_bound":0.013300651449776879},"point_estimate":0.00826487181654878,"standard_error":0.0026588517979530516}}