{"mean":{"confidence_interval":{"confidence_level":0.95,"lower_bound":0.11339553793557396,"upper_bound":0.12797009543408414},"point_estimate":0.1207703682029253,"standard_error":0.003710884009366423},"median":{"confidence_interval":{"confidence_level":0.95,"lower_bound":0.10883200708623053,"upper_bound":0.11689369664934945},"point_estimate":0.11141467960585993,"standard_error":0.0021104580163808003}}