{"mean":{"confidence_interval":{"confidence_level":0.95,"lower_bound":0.033898419385631505,"upper_bound":0.04478487318465568},"point_estimate":0.0385096172774253,"standard_error":0.0026817043411115063},"median":{"confidence_interval":{"confidence_level":0.95,"lower_bound":0.029511137950907873,"upper_bound":0.03528709085048609},"point_estimate":0.032442432742176175,"standard_error":0.0013213728177446863}}