{"mean":{"confidence_interval":{"confidence_level":0.95,"lower_bound":-0.010153072328748625,"upper_bound":0.008096636554276195},"point_estimate":-0.002351924409946138,"standard_error":0.004619984450233134},"median":{"confidence_interval":{"confidence_level":0.95,"lower_bound":-0.004520154131046117,"upper_bound":0.00010954461706336183},"point_estimate":-0.0018073332866338498,"standard_error":0.0011477039452801258}}