{"mean":{"confidence_interval":{"confidence_level":0.95,"lower_bound":-0.013346834804814842,"upper_bound":0.002293203906716838},"point_estimate":-0.005817552343326038,"standard_error":0.003927252300286424},"median":{"confidence_interval":{"confidence_level":0.95,"lower_bound":-0.0062748787087233415,"upper_bound":0.005188193059584734},"point_estimate":-0.00022607209538116901,"standard_error":0.002985682892815555}}