{"mean":{"confidence_interval":{"confidence_level":0.95,"lower_bound":-0.1589911343212138,"upper_bound":-0.1458973613605626},"point_estimate":-0.15219513396703788,"standard_error":0.0033463599081895888},"median":{"confidence_interval":{"confidence_level":0.95,"lower_bound":-0.1441853564649308,"upper_bound":-0.13783799255456775},"point_estimate":-0.14011644249594246,"standard_error":0.0016742567743281331}}