{"mean":{"confidence_interval":{"confidence_level":0.95,"lower_bound":3788177.3109821416,"upper_bound":3824384.3715178566},"point_estimate":3805981.637857143,"standard_error":9234.78478337979},"median":{"confidence_interval":{"confidence_level":0.95,"lower_bound":3774154.75,"upper_bound":3826389.8928571427},"point_estimate":3808081.8571428573,"standard_error":13304.364875362762},"median_abs_dev":{"confidence_interval":{"confidence_level":0.95,"lower_bound":68958.58407574084,"upper_bound":104199.03235009733},"point_estimate":88124.25983548164,"standard_error":8729.521294158878},"slope":null,"std_dev":{"confidence_interval":{"confidence_level":0.95,"lower_bound":75540.97802348867,"upper_bound":109520.79526126939},"point_estimate":92849.65127092882,"standard_error":8724.710616319724}}