{"mean":{"confidence_interval":{"confidence_level":0.95,"lower_bound":-0.0009590436310024623,"upper_bound":0.003989920241247443},"point_estimate":0.001427041741522972,"standard_error":0.0012356011849626164},"median":{"confidence_interval":{"confidence_level":0.95,"lower_bound":0.00044076963669459346,"upper_bound":0.0019666547809564783},"point_estimate":0.0013577028732263408,"standard_error":0.0003910865458876243}}