{"mean":{"confidence_interval":{"confidence_level":0.95,"lower_bound":-0.022370328297748585,"upper_bound":-0.002407598574875772},"point_estimate":-0.009879442777105285,"standard_error":0.00560832807566785},"median":{"confidence_interval":{"confidence_level":0.95,"lower_bound":-0.0081018686875578,"upper_bound":-0.0034957447976470928},"point_estimate":-0.006293114185748183,"standard_error":0.0012030393537825672}}