{"mean":{"confidence_interval":{"confidence_level":0.95,"lower_bound":0.007156583107842591,"upper_bound":0.02348949637095557},"point_estimate":0.013894929452998639,"standard_error":0.004416649051080928},"median":{"confidence_interval":{"confidence_level":0.95,"lower_bound":0.009805996879869827,"upper_bound":0.01383833335480511},"point_estimate":0.011852071787709084,"standard_error":0.0010192699443841433}}