{"mean":{"confidence_interval":{"confidence_level":0.95,"lower_bound":0.013884750903474564,"upper_bound":0.02083689781687449},"point_estimate":0.01773544719292075,"standard_error":0.0017800863991582062},"median":{"confidence_interval":{"confidence_level":0.95,"lower_bound":0.016141815328911457,"upper_bound":0.02175404360694011},"point_estimate":0.01790712006267836,"standard_error":0.0013904187134105997}}