{"mean":{"confidence_interval":{"confidence_level":0.95,"lower_bound":-0.002339715695080887,"upper_bound":0.018724793121872335},"point_estimate":0.00616719160712953,"standard_error":0.00556755017157311},"median":{"confidence_interval":{"confidence_level":0.95,"lower_bound":0.0006799516249822446,"upper_bound":0.006092200884520338},"point_estimate":0.0037724883374596896,"standard_error":0.0013914671846275198}}