{"mean":{"confidence_interval":{"confidence_level":0.95,"lower_bound":0.0017244591490166497,"upper_bound":0.008843080633903221},"point_estimate":0.005183652967781116,"standard_error":0.0018504240574989449},"median":{"confidence_interval":{"confidence_level":0.95,"lower_bound":0.0009903149764005637,"upper_bound":0.0032673546878131685},"point_estimate":0.002416840655335095,"standard_error":0.000582614334877662}}