{"mean":{"confidence_interval":{"confidence_level":0.95,"lower_bound":-0.008573647349497641,"upper_bound":0.018146842405986977},"point_estimate":0.002311644076526065,"standard_error":0.006961395593684283},"median":{"confidence_interval":{"confidence_level":0.95,"lower_bound":-0.005039330578417545,"upper_bound":0.0016292063124170308},"point_estimate":-0.0019599004576714707,"standard_error":0.0017611703753953284}}