{"mean":{"confidence_interval":{"confidence_level":0.95,"lower_bound":-0.0010034270978786868,"upper_bound":0.00904714541825041},"point_estimate":0.0036552078615557093,"standard_error":0.0025882467658918016},"median":{"confidence_interval":{"confidence_level":0.95,"lower_bound":-0.0013040009029534616,"upper_bound":0.0005975469456636073},"point_estimate":-0.000663416320145771,"standard_error":0.0005063101403275987}}