{"mean":{"confidence_interval":{"confidence_level":0.95,"lower_bound":-0.04446834225701546,"upper_bound":-0.02157862441787745},"point_estimate":-0.03199095773425731,"standard_error":0.005872676044040774},"median":{"confidence_interval":{"confidence_level":0.95,"lower_bound":-0.026078457784720732,"upper_bound":-0.018405667387990432},"point_estimate":-0.022069660447545103,"standard_error":0.0018594336721373974}}