{"mean":{"confidence_interval":{"confidence_level":0.95,"lower_bound":-0.010548750357606928,"upper_bound":0.004310477873917363},"point_estimate":-0.001924037533880485,"standard_error":0.003886626687989101},"median":{"confidence_interval":{"confidence_level":0.95,"lower_bound":-0.0004162547032610098,"upper_bound":0.006395877464048683},"point_estimate":0.003995885028044821,"standard_error":0.0018316821304682237}}