{"mean":{"confidence_interval":{"confidence_level":0.95,"lower_bound":-0.015059565527878653,"upper_bound":0.016480925154112095},"point_estimate":0.0007017304364316246,"standard_error":0.007977475875873137},"median":{"confidence_interval":{"confidence_level":0.95,"lower_bound":-0.0008340008197912363,"upper_bound":0.005189837584510082},"point_estimate":0.002986639945468328,"standard_error":0.0015189423241375372}}