{"mean":{"confidence_interval":{"confidence_level":0.95,"lower_bound":-0.017323841902493742,"upper_bound":0.005569658442905845},"point_estimate":-0.0033607412089894373,"standard_error":0.006118650622404241},"median":{"confidence_interval":{"confidence_level":0.95,"lower_bound":0.002094553237450336,"upper_bound":0.009019115933065924},"point_estimate":0.0062031806988740446,"standard_error":0.0017394425264886913}}