{"mean":{"confidence_interval":{"confidence_level":0.95,"lower_bound":-0.003940338308049018,"upper_bound":0.0004294052890280841},"point_estimate":-0.0017588011685196747,"standard_error":0.0011280217355403759},"median":{"confidence_interval":{"confidence_level":0.95,"lower_bound":-0.003548755464877984,"upper_bound":0.0006671482042637233},"point_estimate":-0.0015648390098425002,"standard_error":0.0010537477826835814}}