{"mean":{"confidence_interval":{"confidence_level":0.95,"lower_bound":-0.01693684941060852,"upper_bound":0.007115110614544153},"point_estimate":-0.0040158461241889265,"standard_error":0.006151294489346949},"median":{"confidence_interval":{"confidence_level":0.95,"lower_bound":0.004456007791914521,"upper_bound":0.009234490509987037},"point_estimate":0.0059073199189894066,"standard_error":0.0012686928870132277}}