{"mean":{"confidence_interval":{"confidence_level":0.95,"lower_bound":3318103.1506562503,"upper_bound":3328014.375625},"point_estimate":3322784.741875,"standard_error":2534.294149738057},"median":{"confidence_interval":{"confidence_level":0.95,"lower_bound":3309549.5,"upper_bound":3324214.8125},"point_estimate":3315029.96875,"standard_error":3529.3860114597646},"median_abs_dev":{"confidence_interval":{"confidence_level":0.95,"lower_bound":14922.554060071707,"upper_bound":28572.852017730474},"point_estimate":23802.725596167147,"standard_error":3617.8554753927433},"slope":null,"std_dev":{"confidence_interval":{"confidence_level":0.95,"lower_bound":18672.465555020568,"upper_bound":33681.52007102715},"point_estimate":25430.515677535273,"standard_error":4381.964881756255}}