{"mean":{"confidence_interval":{"confidence_level":0.95,"lower_bound":4172166.693291665,"upper_bound":4256055.603104166},"point_estimate":4209502.282499999,"standard_error":21544.457737047138},"median":{"confidence_interval":{"confidence_level":0.95,"lower_bound":4120357.583333333,"upper_bound":4179968.75},"point_estimate":4142345.5,"standard_error":16141.587968002075},"median_abs_dev":{"confidence_interval":{"confidence_level":0.95,"lower_bound":69113.37457299256,"upper_bound":136805.92417120957},"point_estimate":91048.62650856364,"standard_error":18972.293933841935},"slope":null,"std_dev":{"confidence_interval":{"confidence_level":0.95,"lower_bound":119529.66007226407,"upper_bound":320404.3200026087},"point_estimate":216652.8856230318,"standard_error":60496.850380431475}}