{"mean":{"confidence_interval":{"confidence_level":0.95,"lower_bound":32256056.88,"upper_bound":32333247.755},"point_estimate":32294837.715,"standard_error":19769.12862347699},"median":{"confidence_interval":{"confidence_level":0.95,"lower_bound":32196052.25,"upper_bound":32394531.25},"point_estimate":32343458.5,"standard_error":60371.01663516523},"median_abs_dev":{"confidence_interval":{"confidence_level":0.95,"lower_bound":174638.41609954834,"upper_bound":285061.75790414197},"point_estimate":256381.56564831734,"standard_error":28235.706459030574},"slope":null,"std_dev":{"confidence_interval":{"confidence_level":0.95,"lower_bound":177827.85891086707,"upper_bound":217507.6093979902},"point_estimate":198600.96192912315,"standard_error":10156.147651134665}}