{"mean":{"confidence_interval":{"confidence_level":0.95,"lower_bound":-0.010840797950831052,"upper_bound":0.014179975797669293},"point_estimate":0.0019094671837189825,"standard_error":0.006388610905093417},"median":{"confidence_interval":{"confidence_level":0.95,"lower_bound":-0.0038511279876610738,"upper_bound":0.0051557013095460125},"point_estimate":-0.0004918019905489901,"standard_error":0.0022878600710148204}}