{"mean":{"confidence_interval":{"confidence_level":0.95,"lower_bound":-0.8100979210052539,"upper_bound":-0.8060055708074865},"point_estimate":-0.8079806736530917,"standard_error":0.0010430760284019357},"median":{"confidence_interval":{"confidence_level":0.95,"lower_bound":-0.8069906376220668,"upper_bound":-0.8031023274950777},"point_estimate":-0.8045607797896861,"standard_error":0.0009415386036856761}}