{"mean":{"confidence_interval":{"confidence_level":0.95,"lower_bound":0.018176981872650995,"upper_bound":0.04558086183407426},"point_estimate":0.03171836827430652,"standard_error":0.006895048801745307},"median":{"confidence_interval":{"confidence_level":0.95,"lower_bound":-0.004228913343083285,"upper_bound":0.026079106327701718},"point_estimate":0.004071583295551795,"standard_error":0.008522101119359568}}