{"mean":{"confidence_interval":{"confidence_level":0.95,"lower_bound":0.016080737657548066,"upper_bound":0.0304314343999437},"point_estimate":0.023395441441594444,"standard_error":0.0036620828028073025},"median":{"confidence_interval":{"confidence_level":0.95,"lower_bound":0.014287852774773846,"upper_bound":0.036152989232205},"point_estimate":0.02836963785392954,"standard_error":0.0056421073078697205}}