{"mean":{"confidence_interval":{"confidence_level":0.95,"lower_bound":-0.03032805852839939,"upper_bound":0.004816185986839108},"point_estimate":-0.012324302973859336,"standard_error":0.008973738211563321},"median":{"confidence_interval":{"confidence_level":0.95,"lower_bound":-0.022224616725783783,"upper_bound":0.007584382679273609},"point_estimate":-0.00656114714372058,"standard_error":0.007007187099292026}}