{"mean":{"confidence_interval":{"confidence_level":0.95,"lower_bound":2.2574054525997536,"upper_bound":2.2935083263771805},"point_estimate":2.275981694798449,"standard_error":0.00921575401684744},"median":{"confidence_interval":{"confidence_level":0.95,"lower_bound":2.264382674662973,"upper_bound":2.307862392638396},"point_estimate":2.2914910867773233,"standard_error":0.01066304742663138}}