{"mean":{"confidence_interval":{"confidence_level":0.95,"lower_bound":0.0108312027854367,"upper_bound":0.014402735993084281},"point_estimate":0.012460664401015231,"standard_error":0.0008669760336328551},"median":{"confidence_interval":{"confidence_level":0.95,"lower_bound":0.009423509150014563,"upper_bound":0.014050039317041319},"point_estimate":0.01120773707242706,"standard_error":0.001179303433435473}}