{"mean":{"confidence_interval":{"confidence_level":0.95,"lower_bound":-0.030422189280946088,"upper_bound":-0.00578174369355473},"point_estimate":-0.01683777376129536,"standard_error":0.0063661313347041035},"median":{"confidence_interval":{"confidence_level":0.95,"lower_bound":-0.005718876596046552,"upper_bound":-0.0024246738351073605},"point_estimate":-0.0040883812690633015,"standard_error":0.0008361433478139073}}