{"mean":{"confidence_interval":{"confidence_level":0.95,"lower_bound":-0.009744200458065544,"upper_bound":0.0013606687353717227},"point_estimate":-0.0034295305946737686,"standard_error":0.0028601465998613455},"median":{"confidence_interval":{"confidence_level":0.95,"lower_bound":-0.0014099938589339223,"upper_bound":0.004080632571021763},"point_estimate":0.0007385513957249845,"standard_error":0.00138679905485366}}