{"mean":{"confidence_interval":{"confidence_level":0.95,"lower_bound":-0.025805060811787513,"upper_bound":0.003404531629353744},"point_estimate":-0.010393802553884557,"standard_error":0.0074949431361452995},"median":{"confidence_interval":{"confidence_level":0.95,"lower_bound":-0.005715414838680197,"upper_bound":0.005702602197155793},"point_estimate":0.0015681442900767895,"standard_error":0.003055159149870767}}