{"mean":{"confidence_interval":{"confidence_level":0.95,"lower_bound":0.07907013392838753,"upper_bound":0.13059747273701006},"point_estimate":0.11167930651653091,"standard_error":0.015456992650329515},"median":{"confidence_interval":{"confidence_level":0.95,"lower_bound":0.12375454609490906,"upper_bound":0.1309910650931725},"point_estimate":0.12797435543497704,"standard_error":0.0017480442631276135}}