{"mean":{"confidence_interval":{"confidence_level":0.95,"lower_bound":-0.010566161617598931,"upper_bound":-0.003416667747297817},"point_estimate":-0.006890625861438071,"standard_error":0.0018261011862210662},"median":{"confidence_interval":{"confidence_level":0.95,"lower_bound":-0.007323398384196156,"upper_bound":-0.004483233170949563},"point_estimate":-0.006083282960055225,"standard_error":0.0007373302514502611}}