{"mean":{"confidence_interval":{"confidence_level":0.95,"lower_bound":-0.005075946271573072,"upper_bound":0.016631704688386373},"point_estimate":0.006931403619908183,"standard_error":0.005599097751044694},"median":{"confidence_interval":{"confidence_level":0.95,"lower_bound":0.008213060104236725,"upper_bound":0.023338952705316274},"point_estimate":0.01752435641745853,"standard_error":0.004259597342885158}}