{"mean":{"confidence_interval":{"confidence_level":0.95,"lower_bound":-0.002071128878295022,"upper_bound":0.01197043208791843},"point_estimate":0.0036581459525584226,"standard_error":0.003571087866236854},"median":{"confidence_interval":{"confidence_level":0.95,"lower_bound":0.0003811947856964482,"upper_bound":0.0044544244346500506},"point_estimate":0.0023918338382820092,"standard_error":0.0009985062544155406}}