{"mean":{"confidence_interval":{"confidence_level":0.95,"lower_bound":-0.0002694741784860973,"upper_bound":0.017824409427929105},"point_estimate":0.008933368588315505,"standard_error":0.004532824232655546},"median":{"confidence_interval":{"confidence_level":0.95,"lower_bound":0.0023726160618388306,"upper_bound":0.011652047368837097},"point_estimate":0.006092262380990476,"standard_error":0.0025921839653677207}}