{"mean":{"confidence_interval":{"confidence_level":0.95,"lower_bound":-0.09723461987149916,"upper_bound":-0.023642570648603763},"point_estimate":-0.052897404136457826,"standard_error":0.019727564537467275},"median":{"confidence_interval":{"confidence_level":0.95,"lower_bound":-0.023433996954742912,"upper_bound":-0.016855993658289825},"point_estimate":-0.02101488292748488,"standard_error":0.001661454096321882}}