{"mean":{"confidence_interval":{"confidence_level":0.95,"lower_bound":-0.00417291640500052,"upper_bound":0.005735895823972652},"point_estimate":0.00040516185134653604,"standard_error":0.002517168347820625},"median":{"confidence_interval":{"confidence_level":0.95,"lower_bound":-0.003198005024762689,"upper_bound":0.00173414334093569},"point_estimate":-0.00031654204358610993,"standard_error":0.0012940925903687315}}