{"mean":{"confidence_interval":{"confidence_level":0.95,"lower_bound":0.0005792400422493076,"upper_bound":0.007126579074158756},"point_estimate":0.0038388754306943884,"standard_error":0.0016657735942353252},"median":{"confidence_interval":{"confidence_level":0.95,"lower_bound":-0.002156329177572691,"upper_bound":0.0011384708912727248},"point_estimate":-0.0010513507020013524,"standard_error":0.0008133893379162346}}