{"mean":{"confidence_interval":{"confidence_level":0.95,"lower_bound":276755.1985224811,"upper_bound":278662.61694023793},"point_estimate":277610.1864674657,"standard_error":488.8912796756224},"median":{"confidence_interval":{"confidence_level":0.95,"lower_bound":275843.5424174174,"upper_bound":276828.506097561},"point_estimate":276325.69212962966,"standard_error":252.52061576639798},"median_abs_dev":{"confidence_interval":{"confidence_level":0.95,"lower_bound":1244.9406927207128,"upper_bound":2360.9580914179387},"point_estimate":1744.6857535690904,"standard_error":299.50631997086674},"slope":{"confidence_interval":{"confidence_level":0.95,"lower_bound":276618.10059572407,"upper_bound":280963.404881177},"point_estimate":278513.09013299836,"standard_error":1133.7704806789811},"std_dev":{"confidence_interval":{"confidence_level":0.95,"lower_bound":2340.218115736377,"upper_bound":7082.197848264255},"point_estimate":4936.399418488623,"standard_error":1242.5078783703918}}