{"mean":{"confidence_interval":{"confidence_level":0.95,"lower_bound":-0.010936539009814733,"upper_bound":0.005937501354115032},"point_estimate":-0.0008525741785396779,"standard_error":0.004456773334345536},"median":{"confidence_interval":{"confidence_level":0.95,"lower_bound":0.0004137942591504462,"upper_bound":0.003543500467251408},"point_estimate":0.0023666224230327604,"standard_error":0.0007766178684522925}}