{"mean":{"confidence_interval":{"confidence_level":0.95,"lower_bound":-0.008856759784520767,"upper_bound":0.011137432431372753},"point_estimate":0.0015270411315320143,"standard_error":0.005111613711010059},"median":{"confidence_interval":{"confidence_level":0.95,"lower_bound":-0.002321760615046853,"upper_bound":0.0022436072623619463},"point_estimate":0.00004090214825769323,"standard_error":0.0010775041878679859}}