{"mean":{"confidence_interval":{"confidence_level":0.95,"lower_bound":0.0011687687780295006,"upper_bound":0.007824538400374535},"point_estimate":0.004792199737875702,"standard_error":0.0017013466007541921},"median":{"confidence_interval":{"confidence_level":0.95,"lower_bound":0.005178687971215237,"upper_bound":0.008599872751533066},"point_estimate":0.0067596690836913,"standard_error":0.0008749446781936836}}