{"mean":{"confidence_interval":{"confidence_level":0.95,"lower_bound":-0.0038706231946158795,"upper_bound":0.018246909438677506},"point_estimate":0.003977247724689326,"standard_error":0.006212470907556345},"median":{"confidence_interval":{"confidence_level":0.95,"lower_bound":-0.0032967090119404574,"upper_bound":0.0013193424365909312},"point_estimate":-0.0010208582255036847,"standard_error":0.0011450567571673728}}