{"mean":{"confidence_interval":{"confidence_level":0.95,"lower_bound":0.0016327937861975172,"upper_bound":0.01694697065390884},"point_estimate":0.010394853286747496,"standard_error":0.0039655872546693624},"median":{"confidence_interval":{"confidence_level":0.95,"lower_bound":0.010070972677460599,"upper_bound":0.01461759024229381},"point_estimate":0.013136133214127987,"standard_error":0.0011921979512728462}}