{"mean":{"confidence_interval":{"confidence_level":0.95,"lower_bound":-0.003634603371956757,"upper_bound":0.002617258891816825},"point_estimate":-0.00044724012494878895,"standard_error":0.0015849854536245768},"median":{"confidence_interval":{"confidence_level":0.95,"lower_bound":-0.0016975217672674644,"upper_bound":0.0005331728873703145},"point_estimate":-0.0005214287176408261,"standard_error":0.0005642020562137913}}