{"mean":{"confidence_interval":{"confidence_level":0.95,"lower_bound":0.02217768392786843,"upper_bound":0.03379918728685811},"point_estimate":0.027717609713260316,"standard_error":0.002928739719038095},"median":{"confidence_interval":{"confidence_level":0.95,"lower_bound":0.018780995069122453,"upper_bound":0.030973232642396712},"point_estimate":0.02579658393972184,"standard_error":0.002771741044931558}}