{"mean":{"confidence_interval":{"confidence_level":0.95,"lower_bound":0.0010825769662431881,"upper_bound":0.008129655785788453},"point_estimate":0.004918277381588121,"standard_error":0.0018026061801021819},"median":{"confidence_interval":{"confidence_level":0.95,"lower_bound":0.004285112916048384,"upper_bound":0.009068932155468445},"point_estimate":0.0062213686846746,"standard_error":0.0012367082418948776}}