{"mean":{"confidence_interval":{"confidence_level":0.95,"lower_bound":0.028320460709472643,"upper_bound":0.045732346113172714},"point_estimate":0.03618950439237789,"standard_error":0.004511840935356671},"median":{"confidence_interval":{"confidence_level":0.95,"lower_bound":0.020854627921242708,"upper_bound":0.04037482830617778},"point_estimate":0.030691722981379455,"standard_error":0.004952249970577051}}