{"mean":{"confidence_interval":{"confidence_level":0.95,"lower_bound":-0.0033031031575764397,"upper_bound":0.010317815230951858},"point_estimate":0.0022521589816983933,"standard_error":0.003578448469297649},"median":{"confidence_interval":{"confidence_level":0.95,"lower_bound":-0.0012792038403874884,"upper_bound":0.0032565772039709895},"point_estimate":0.00034280259997920837,"standard_error":0.0010784639010283257}}