{"mean":{"confidence_interval":{"confidence_level":0.95,"lower_bound":-0.017955302153821788,"upper_bound":0.002205892720562118},"point_estimate":-0.006868473939765196,"standard_error":0.005202254262075032},"median":{"confidence_interval":{"confidence_level":0.95,"lower_bound":-0.00011074198772254018,"upper_bound":0.0028106661052847686},"point_estimate":0.0011891705747812953,"standard_error":0.0007544012794769494}}