{"mean":{"confidence_interval":{"confidence_level":0.95,"lower_bound":-0.008025800053441848,"upper_bound":0.010360725568630363},"point_estimate":0.00037273288771100255,"standard_error":0.004632533918853391},"median":{"confidence_interval":{"confidence_level":0.95,"lower_bound":-0.0012246532885570316,"upper_bound":0.003899501015095952},"point_estimate":0.00035043340101204024,"standard_error":0.0013496660944156398}}