{"mean":{"confidence_interval":{"confidence_level":0.95,"lower_bound":288384.9149851375,"upper_bound":292588.38877049886},"point_estimate":290077.3593670572,"standard_error":1099.9199391208324},"median":{"confidence_interval":{"confidence_level":0.95,"lower_bound":286690.83130725863,"upper_bound":289140.0081730769},"point_estimate":287841.4078525641,"standard_error":728.4422783583399},"median_abs_dev":{"confidence_interval":{"confidence_level":0.95,"lower_bound":2767.369997038755,"upper_bound":5016.679856933711},"point_estimate":3803.0635338426287,"standard_error":566.1190085315194},"slope":{"confidence_interval":{"confidence_level":0.95,"lower_bound":288531.7853575902,"upper_bound":297451.4250756853},"point_estimate":291845.72171567904,"standard_error":2452.364000032042},"std_dev":{"confidence_interval":{"confidence_level":0.95,"lower_bound":3932.435722490604,"upper_bound":17909.396413193776},"point_estimate":11071.068224479728,"standard_error":4552.393640849052}}