{"mean":{"confidence_interval":{"confidence_level":0.95,"lower_bound":0.003720088618305279,"upper_bound":0.009808821781253823},"point_estimate":0.00640981843511379,"standard_error":0.0015245828777133517},"median":{"confidence_interval":{"confidence_level":0.95,"lower_bound":0.003674704013821803,"upper_bound":0.007080092552855799},"point_estimate":0.005600833596212773,"standard_error":0.0008262664035858281}}