{"mean":{"confidence_interval":{"confidence_level":0.95,"lower_bound":-0.01397372224142841,"upper_bound":-0.006346406083340012},"point_estimate":-0.009992449815880877,"standard_error":0.0019439279811952195},"median":{"confidence_interval":{"confidence_level":0.95,"lower_bound":-0.01342742073056924,"upper_bound":-0.007504266434024243},"point_estimate":-0.011517133628249132,"standard_error":0.0014092410231647066}}