{"mean":{"confidence_interval":{"confidence_level":0.95,"lower_bound":-0.01658838108336457,"upper_bound":-0.004960759705555873},"point_estimate":-0.009995090683013519,"standard_error":0.003001152148595799},"median":{"confidence_interval":{"confidence_level":0.95,"lower_bound":-0.009040674150097239,"upper_bound":-0.004476152695218616},"point_estimate":-0.006442210508254775,"standard_error":0.0011649871223620935}}