{"mean":{"confidence_interval":{"confidence_level":0.95,"lower_bound":0.012877948393018862,"upper_bound":0.0466673517000042},"point_estimate":0.026591068026850406,"standard_error":0.009064027036471465},"median":{"confidence_interval":{"confidence_level":0.95,"lower_bound":0.0067084991443284725,"upper_bound":0.016132097207696816},"point_estimate":0.01017330399817773,"standard_error":0.002470778870717546}}