{"mean":{"confidence_interval":{"confidence_level":0.95,"lower_bound":-0.001780182830800493,"upper_bound":0.007507072820184155},"point_estimate":0.0019655948279249102,"standard_error":0.0023456657309004446},"median":{"confidence_interval":{"confidence_level":0.95,"lower_bound":-0.000578039404337094,"upper_bound":0.0055956014744955596},"point_estimate":0.003201042989119607,"standard_error":0.0015963261038724347}}