{"mean":{"confidence_interval":{"confidence_level":0.95,"lower_bound":-0.07487356477612656,"upper_bound":-0.06227552036725113},"point_estimate":-0.06886824836475902,"standard_error":0.003271776414937431},"median":{"confidence_interval":{"confidence_level":0.95,"lower_bound":-0.07112337462731821,"upper_bound":-0.0677345055501608},"point_estimate":-0.07000107472115391,"standard_error":0.0009452112257087042}}