{"mean":{"confidence_interval":{"confidence_level":0.95,"lower_bound":0.009461694398454961,"upper_bound":0.03693092222358601},"point_estimate":0.02092755364554555,"standard_error":0.0072078115759657965},"median":{"confidence_interval":{"confidence_level":0.95,"lower_bound":0.010359927195181085,"upper_bound":0.015583837317522109},"point_estimate":0.013146723037903651,"standard_error":0.0013069993104648104}}