{"mean":{"confidence_interval":{"confidence_level":0.95,"lower_bound":-0.0036608261622416635,"upper_bound":0.01813992932874848},"point_estimate":0.005312996947341553,"standard_error":0.0057109905668761935},"median":{"confidence_interval":{"confidence_level":0.95,"lower_bound":-0.003183531790182492,"upper_bound":0.003837798392966274},"point_estimate":0.00004842952269679124,"standard_error":0.00175558003904382}}