{"mean":{"confidence_interval":{"confidence_level":0.95,"lower_bound":-0.005688919439076184,"upper_bound":0.007903305141432946},"point_estimate":0.002144879649075504,"standard_error":0.0035159070629191976},"median":{"confidence_interval":{"confidence_level":0.95,"lower_bound":0.00341754087278745,"upper_bound":0.009789180936032649},"point_estimate":0.007088523419439996,"standard_error":0.001698452331956044}}