{"mean":{"confidence_interval":{"confidence_level":0.95,"lower_bound":0.003431943880313204,"upper_bound":0.01279061397742891},"point_estimate":0.00840368419812032,"standard_error":0.0023838202847853455},"median":{"confidence_interval":{"confidence_level":0.95,"lower_bound":0.009784571587953872,"upper_bound":0.013341579450352277},"point_estimate":0.011088669851307298,"standard_error":0.000912775400084309}}