{"mean":{"confidence_interval":{"confidence_level":0.95,"lower_bound":-0.0006981040839803554,"upper_bound":0.008892205541733565},"point_estimate":0.004012322299465243,"standard_error":0.002412691796844231},"median":{"confidence_interval":{"confidence_level":0.95,"lower_bound":0.002460552031626168,"upper_bound":0.004492833863841242},"point_estimate":0.003793308016236452,"standard_error":0.0005227349336037794}}