{"mean":{"confidence_interval":{"confidence_level":0.95,"lower_bound":-0.009756351128894008,"upper_bound":0.006737234484325669},"point_estimate":-0.00077559735546473,"standard_error":0.004247768447220835},"median":{"confidence_interval":{"confidence_level":0.95,"lower_bound":0.005940524982292583,"upper_bound":0.009829729606917637},"point_estimate":0.007553927556345874,"standard_error":0.0009081711239970018}}