{"mean":{"confidence_interval":{"confidence_level":0.95,"lower_bound":-0.016287954669867984,"upper_bound":0.0030811186573414463},"point_estimate":-0.004570905018658311,"standard_error":0.0051381346190687},"median":{"confidence_interval":{"confidence_level":0.95,"lower_bound":-0.006532540509240348,"upper_bound":0.00012711311861401953},"point_estimate":-0.0028792435735879307,"standard_error":0.0016901217199531975}}