{"mean":{"confidence_interval":{"confidence_level":0.95,"lower_bound":-0.016608315665597118,"upper_bound":0.003653207723865331},"point_estimate":-0.0054335044317971315,"standard_error":0.005185733045733357},"median":{"confidence_interval":{"confidence_level":0.95,"lower_bound":-0.002357489465414808,"upper_bound":0.0008197664144324879},"point_estimate":-0.0005087350212570341,"standard_error":0.0008208378887250296}}