{"mean":{"confidence_interval":{"confidence_level":0.95,"lower_bound":-0.0025571330226756197,"upper_bound":0.004223766685729333},"point_estimate":0.0010430704543191727,"standard_error":0.001726978904391107},"median":{"confidence_interval":{"confidence_level":0.95,"lower_bound":0.0016693100285278817,"upper_bound":0.00495629414289489},"point_estimate":0.0034747350490218487,"standard_error":0.0008303140359679209}}