{"mean":{"confidence_interval":{"confidence_level":0.95,"lower_bound":0.006242251081050774,"upper_bound":0.031183438948447086},"point_estimate":0.01769836796732327,"standard_error":0.0062582119018115105},"median":{"confidence_interval":{"confidence_level":0.95,"lower_bound":0.013362632181483702,"upper_bound":0.019344479188245334},"point_estimate":0.016286111475622755,"standard_error":0.0014902496386246325}}