{"mean":{"confidence_interval":{"confidence_level":0.95,"lower_bound":-0.000757014436829051,"upper_bound":0.0038508402172568396},"point_estimate":0.0015276953560126039,"standard_error":0.001169262916071672},"median":{"confidence_interval":{"confidence_level":0.95,"lower_bound":-0.0005916645750827509,"upper_bound":0.0018176368388453934},"point_estimate":0.00017081731974766257,"standard_error":0.000744966817173302}}