{"mean":{"confidence_interval":{"confidence_level":0.95,"lower_bound":0.003087702157469758,"upper_bound":0.007767087743174677},"point_estimate":0.005566047688007725,"standard_error":0.0011999451686101586},"median":{"confidence_interval":{"confidence_level":0.95,"lower_bound":0.0022311890006305735,"upper_bound":0.005680596046653497},"point_estimate":0.004386303276796566,"standard_error":0.0009332428230334589}}