{"mean":{"confidence_interval":{"confidence_level":0.95,"lower_bound":-0.005896008303182439,"upper_bound":0.007825132173341309},"point_estimate":0.0015532990586479833,"standard_error":0.0035406938575524957},"median":{"confidence_interval":{"confidence_level":0.95,"lower_bound":0.007762085827144327,"upper_bound":0.013129592072437614},"point_estimate":0.011220363759383956,"standard_error":0.0013056667929988337}}