{"mean":{"confidence_interval":{"confidence_level":0.95,"lower_bound":-0.006640363730561859,"upper_bound":0.007792033151448723},"point_estimate":-0.00023340684486550245,"standard_error":0.003659490031899499},"median":{"confidence_interval":{"confidence_level":0.95,"lower_bound":-0.009822634366433892,"upper_bound":-0.0034999035155759417},"point_estimate":-0.006008025130413763,"standard_error":0.0015555569865993003}}