{"mean":{"confidence_interval":{"confidence_level":0.95,"lower_bound":-0.013226045165496197,"upper_bound":0.00855539632124557},"point_estimate":-0.0008815375033036643,"standard_error":0.005605779844389698},"median":{"confidence_interval":{"confidence_level":0.95,"lower_bound":-0.00012952864946247367,"upper_bound":0.004902943658087633},"point_estimate":0.003131406928263303,"standard_error":0.001208040321115306}}