{"mean":{"confidence_interval":{"confidence_level":0.95,"lower_bound":0.0052337264241758994,"upper_bound":0.02162804826582243},"point_estimate":0.013168220105913564,"standard_error":0.004137311132979649},"median":{"confidence_interval":{"confidence_level":0.95,"lower_bound":0.009666543867439925,"upper_bound":0.013254804747969917},"point_estimate":0.011724301338754461,"standard_error":0.0009224623586750758}}