{"mean":{"confidence_interval":{"confidence_level":0.95,"lower_bound":0.003888312165708996,"upper_bound":0.019659578849471997},"point_estimate":0.010138591517818263,"standard_error":0.004258732462694099},"median":{"confidence_interval":{"confidence_level":0.95,"lower_bound":0.005894436787110768,"upper_bound":0.009790186902789877},"point_estimate":0.007629171235543852,"standard_error":0.0009044359426632089}}