{"mean":{"confidence_interval":{"confidence_level":0.95,"lower_bound":-0.013909563729797998,"upper_bound":-0.0008767682387028412},"point_estimate":-0.007182284871936284,"standard_error":0.003329765001525663},"median":{"confidence_interval":{"confidence_level":0.95,"lower_bound":-0.003709921640210334,"upper_bound":0.0007418532424689238},"point_estimate":-0.000853283018715012,"standard_error":0.0010809802167220232}}