{"mean":{"confidence_interval":{"confidence_level":0.95,"lower_bound":-0.0087649061394593,"upper_bound":0.0036522050286590772},"point_estimate":-0.0029674853018298863,"standard_error":0.003115930411828695},"median":{"confidence_interval":{"confidence_level":0.95,"lower_bound":-0.0076598358132635965,"upper_bound":0.0005998192055759627},"point_estimate":-0.0026196767926224274,"standard_error":0.002141192713743204}}