{"mean":{"confidence_interval":{"confidence_level":0.95,"lower_bound":1.6838938490666928,"upper_bound":1.7377326342941142},"point_estimate":1.7049890170106767,"standard_error":0.012875150247444116},"median":{"confidence_interval":{"confidence_level":0.95,"lower_bound":1.6667330589001956,"upper_bound":1.6888950379407182},"point_estimate":1.6752315961889868,"standard_error":0.005207783869615419}}