{"mean":{"confidence_interval":{"confidence_level":0.95,"lower_bound":-0.3909898179565283,"upper_bound":-0.37656295372269033},"point_estimate":-0.38485254927718415,"standard_error":0.0037007450994393405},"median":{"confidence_interval":{"confidence_level":0.95,"lower_bound":-0.3930065871752906,"upper_bound":-0.37288943746683456},"point_estimate":-0.3830193718784519,"standard_error":0.004828402959515537}}