{"mean":{"confidence_interval":{"confidence_level":0.95,"lower_bound":0.05521228061877354,"upper_bound":0.07309058892247909},"point_estimate":0.06272158087996171,"standard_error":0.0044310325620201185},"median":{"confidence_interval":{"confidence_level":0.95,"lower_bound":0.044646108179383415,"upper_bound":0.05041476549860769},"point_estimate":0.04682942165152504,"standard_error":0.0015995808915221475}}