{"mean":{"confidence_interval":{"confidence_level":0.95,"lower_bound":0.005975810489230852,"upper_bound":0.046016045378800996},"point_estimate":0.0236500392261223,"standard_error":0.010371258817777415},"median":{"confidence_interval":{"confidence_level":0.95,"lower_bound":0.01010259519754062,"upper_bound":0.020219337186307085},"point_estimate":0.015778628397844052,"standard_error":0.0024921857594443386}}