{"mean":{"confidence_interval":{"confidence_level":0.95,"lower_bound":-0.18212545014295958,"upper_bound":-0.17892125650380125},"point_estimate":-0.18045835228979346,"standard_error":0.0008182954997096612},"median":{"confidence_interval":{"confidence_level":0.95,"lower_bound":-0.18167819429696053,"upper_bound":-0.1794134386734746},"point_estimate":-0.1806210996445523,"standard_error":0.0006244748058051237}}