{"mean":{"confidence_interval":{"confidence_level":0.95,"lower_bound":-0.005467278948699348,"upper_bound":0.03344213944233589},"point_estimate":0.017021780387151964,"standard_error":0.010096466141208559},"median":{"confidence_interval":{"confidence_level":0.95,"lower_bound":0.02180521249305789,"upper_bound":0.03064181739050209},"point_estimate":0.025518657976510317,"standard_error":0.0023043576375510045}}