{"mean":{"confidence_interval":{"confidence_level":0.95,"lower_bound":0.6673204847219412,"upper_bound":0.6852329735468071},"point_estimate":0.6771146207643142,"standard_error":0.004585945416017973},"median":{"confidence_interval":{"confidence_level":0.95,"lower_bound":0.6779362429464495,"upper_bound":0.6894418402827318},"point_estimate":0.6850058915066164,"standard_error":0.0028966610767489683}}