{"mean":{"confidence_interval":{"confidence_level":0.95,"lower_bound":0.005716951058266639,"upper_bound":0.024347312768007126},"point_estimate":0.012904855476733923,"standard_error":0.0044630747773571995},"median":{"confidence_interval":{"confidence_level":0.95,"lower_bound":0.007961728773675736,"upper_bound":0.013069077514068142},"point_estimate":0.009770145917789907,"standard_error":0.0012871549818014533}}