{"mean":{"confidence_interval":{"confidence_level":0.95,"lower_bound":8.132961348418995,"upper_bound":8.45293459159819},"point_estimate":8.307893862547566,"standard_error":0.08209688685943047},"median":{"confidence_interval":{"confidence_level":0.95,"lower_bound":8.43136335993074,"upper_bound":8.504537702366127},"point_estimate":8.471289532275566,"standard_error":0.017108873084922857}}