{"mean":{"confidence_interval":{"confidence_level":0.95,"lower_bound":-0.09944148560713999,"upper_bound":-0.03516375588686636},"point_estimate":-0.06519925232497725,"standard_error":0.01644964851114026},"median":{"confidence_interval":{"confidence_level":0.95,"lower_bound":-0.021760992745233132,"upper_bound":-0.006754983747856325},"point_estimate":-0.015794644797632595,"standard_error":0.004152056451822742}}