{"mean":{"confidence_interval":{"confidence_level":0.95,"lower_bound":63938.71737370066,"upper_bound":64209.44239917688},"point_estimate":64053.643725513844,"standard_error":70.20364339847343},"median":{"confidence_interval":{"confidence_level":0.95,"lower_bound":63805.475799750726,"upper_bound":63931.16155660377},"point_estimate":63834.91231233131,"standard_error":30.052100877933235},"median_abs_dev":{"confidence_interval":{"confidence_level":0.95,"lower_bound":111.2879278609257,"upper_bound":260.7448994901777},"point_estimate":159.0760642591643,"standard_error":36.62498688157968},"slope":{"confidence_interval":{"confidence_level":0.95,"lower_bound":63914.33288395407,"upper_bound":64504.27124538989},"point_estimate":64124.978275454414,"standard_error":167.0029559925637},"std_dev":{"confidence_interval":{"confidence_level":0.95,"lower_bound":294.5081725090215,"upper_bound":1096.5827332768897},"point_estimate":706.9380209365358,"standard_error":236.28715578392317}}