{"mean":{"confidence_interval":{"confidence_level":0.95,"lower_bound":61676.84025856569,"upper_bound":61964.98362683135},"point_estimate":61811.54200609488,"standard_error":73.55176020407747},"median":{"confidence_interval":{"confidence_level":0.95,"lower_bound":61499.606060606064,"upper_bound":61724.2506377551},"point_estimate":61610.19117784858,"standard_error":65.31178512192083},"median_abs_dev":{"confidence_interval":{"confidence_level":0.95,"lower_bound":266.6460969446572,"upper_bound":497.7153080126111},"point_estimate":346.8218367551633,"standard_error":63.90380253671878},"slope":{"confidence_interval":{"confidence_level":0.95,"lower_bound":61420.76764223397,"upper_bound":61578.12462705319},"point_estimate":61498.61506465199,"standard_error":40.20444231705891},"std_dev":{"confidence_interval":{"confidence_level":0.95,"lower_bound":513.5838934673985,"upper_bound":939.3237317377583},"point_estimate":739.5868523406173,"standard_error":108.56291961495778}}