{"mean":{"confidence_interval":{"confidence_level":0.95,"lower_bound":0.3276719566874436,"upper_bound":0.3616093651026768},"point_estimate":0.34735801257272114,"standard_error":0.008863989610199902},"median":{"confidence_interval":{"confidence_level":0.95,"lower_bound":0.3496649517951185,"upper_bound":0.36749904318444915},"point_estimate":0.35655079109181465,"standard_error":0.004487928035641024}}