{"mean":{"confidence_interval":{"confidence_level":0.95,"lower_bound":-0.24263804273506479,"upper_bound":-0.22947444799410893},"point_estimate":-0.23579276020781492,"standard_error":0.0033710320729850576},"median":{"confidence_interval":{"confidence_level":0.95,"lower_bound":-0.2381329541097723,"upper_bound":-0.22696732548144471},"point_estimate":-0.2331984085941825,"standard_error":0.0029328526233191946}}