{"mean":{"confidence_interval":{"confidence_level":0.95,"lower_bound":-0.22665530144212226,"upper_bound":-0.2164047042306939},"point_estimate":-0.22156945270808825,"standard_error":0.002652358495252457},"median":{"confidence_interval":{"confidence_level":0.95,"lower_bound":-0.22901886271298322,"upper_bound":-0.21874723705403265},"point_estimate":-0.22574339536470955,"standard_error":0.0026791115132563654}}