{"mean":{"confidence_interval":{"confidence_level":0.95,"lower_bound":0.006589584517113508,"upper_bound":0.03788922574744849},"point_estimate":0.02365142773609441,"standard_error":0.007996044079671505},"median":{"confidence_interval":{"confidence_level":0.95,"lower_bound":0.01718742781926852,"upper_bound":0.03497564131141208},"point_estimate":0.028208865040149078,"standard_error":0.004524880461165743}}