{"mean":{"confidence_interval":{"confidence_level":0.95,"lower_bound":0.003140423048046411,"upper_bound":0.03374599147456282},"point_estimate":0.016683749126455094,"standard_error":0.007847005243214258},"median":{"confidence_interval":{"confidence_level":0.95,"lower_bound":0.0026501576720734388,"upper_bound":0.02329683820323397},"point_estimate":0.011311840395992423,"standard_error":0.005217713156180732}}