{"mean":{"confidence_interval":{"confidence_level":0.95,"lower_bound":0.018966752723879494,"upper_bound":0.07704033037295693},"point_estimate":0.0450087601015301,"standard_error":0.015423026430223922},"median":{"confidence_interval":{"confidence_level":0.95,"lower_bound":0.013376490874313252,"upper_bound":0.02369097524910635},"point_estimate":0.019135440580146712,"standard_error":0.002637030572996204}}