{"mean":{"confidence_interval":{"confidence_level":0.95,"lower_bound":-0.7103981035771341,"upper_bound":-0.7096143176994664},"point_estimate":-0.7100222989671681,"standard_error":0.00020071662206052726},"median":{"confidence_interval":{"confidence_level":0.95,"lower_bound":-0.7108060258186807,"upper_bound":-0.708784948924853},"point_estimate":-0.7093680179740524,"standard_error":0.0005749727979301737}}