{"mean":{"confidence_interval":{"confidence_level":0.95,"lower_bound":55859.83977632523,"upper_bound":56087.78182639226},"point_estimate":55966.49768892735,"standard_error":58.257709207215015},"median":{"confidence_interval":{"confidence_level":0.95,"lower_bound":55735.142424242425,"upper_bound":55902.54131054131},"point_estimate":55798.56946275785,"standard_error":42.97813992556255},"median_abs_dev":{"confidence_interval":{"confidence_level":0.95,"lower_bound":194.94732534629543,"upper_bound":385.39616248128516},"point_estimate":275.3156528205042,"standard_error":50.191266935341545},"slope":{"confidence_interval":{"confidence_level":0.95,"lower_bound":55774.24936578779,"upper_bound":55928.83315918008},"point_estimate":55845.17048618295,"standard_error":39.52007214183497},"std_dev":{"confidence_interval":{"confidence_level":0.95,"lower_bound":377.9170892569731,"upper_bound":776.6865317078511},"point_estimate":587.1138460897135,"standard_error":102.20401588779588}}